F1,F2,F3,F4,F5,F6,P1,L1,T1,F7,T2,L2,P2,F8,L3,P3,F9,T3,F10,C1,T4,T5
0.16489,3674.3,4526.7,9.3728,26.989,42.017,2706,74.866,120.4,0.32863,79.947,50.101,2634.7,27.624,50.062,3101.7,22.384,65.823,232.67,342.64,94.576,77.286
0.16502,3671.3,4528.6,9.2769,26.929,42.519,2705.2,74.943,120.38,0.32893,79.942,51.528,2633.4,24.609,48.374,3100.7,22.903,65.799,231.87,342.91,94.714,77.067
0.24786,3639.1,4552.8,9.3887,26.84,42.245,2705.2,75.031,120.41,0.32663,79.828,48.968,2634.5,26.309,49.666,3100.6,21.449,65.757,233.9,342.4,94.606,77.073
0.24965,3654.2,4571.4,9.3915,27.134,42.579,2707.4,74.337,120.37,0.32922,79.867,51.933,2635.9,25.026,50.471,3102.8,23.834,65.7,233.97,342.46,94.814,77.378
0.24129,3652.9,4513.3,9.4499,26.918,42.427,2711.1,74.46,120.42,0.33527,80.049,50.787,2640.9,24.391,48.317,3106.8,23.271,65.718,233.05,342.84,94.53,77.177
0.24225,3658.1,4551.1,9.3309,27.033,42.341,2710.5,73.872,120.39,0.33588,80.061,48.114,2639.7,24.56,49.618,3108.3,22.796,65.774,233.9,341.88,94.549,77.504
0.24737,3606.1,4551.6,9.2829,26.753,42.077,2711.5,75.368,120.45,0.31957,80.07,48.976,2640.2,22.873,50.652,3109,23.25,65.784,233.92,342.2,94.534,77.711
0.24892,3613.2,4528.3,9.4781,26.61,41.909,2713.6,75.218,120.36,0.31881,80.113,48.791,2643.2,25.706,48.954,3109.2,22.305,65.826,234.85,342.7,94.733,77.474
0.22621,3686.6,4505.2,9.4058,26.933,42.045,2714,74.665,120.43,0.33822,80.127,50.131,2643.2,25.33,50.555,3110.1,22.429,65.857,236.19,342.7,94.473,77.497
0.22773,3651.2,4497.4,9.484,26.889,42.343,2714.4,75.692,120.4,0.3374,80.113,48.301,2643.9,24.023,50.616,3108.7,21.795,65.875,234.45,342.93,94.643,77.357
0.2336,3628.9,4465.8,9.4119,26.844,42.454,2711.8,74.941,120.38,0.33361,79.943,50.256,2641,25.592,50.359,3107.4,24.142,65.905,237.35,342.74,94.484,77.228
0.23225,3699.9,4508,9.4781,26.947,42.158,2712.1,74.963,120.42,0.34003,80.096,49.256,2641.2,24.926,51.171,3108.2,22.75,65.863,236.22,342.4,94.509,77.374
0.2321,3706.9,4515.1,9.3365,27.047,42.61,2707.5,75.085,120.41,0.3446,79.806,49.837,2636.2,27.796,49.368,3105.4,22.264,65.847,235.46,341.85,94.357,76.877
0.23315,3741.6,4506.9,9.3379,27.415,42.221,2706.4,74.624,120.41,0.34639,79.716,49.91,2634.9,24.722,50.279,3103.2,22.454,65.749,231.04,341.88,94.595,77.234
0.22545,3672.9,4544.5,9.2919,26.701,42.322,2706.6,74.767,120.39,0.33772,79.849,50.615,2635.3,24.411,50.906,3101.5,22.032,65.685,230.45,342.12,94.459,77.011
0.22584,3654.6,4506.2,9.3916,27.062,42.006,2705.5,74.586,120.4,0.33894,79.842,49.764,2635.1,26.228,50.337,3102,23.268,65.598,228.82,341.54,94.685,77.371
0.22567,3645,4516.7,9.4098,26.626,42.681,2707.3,75.143,120.38,0.3432,80.072,49.142,2636.5,24.582,51.951,3103.3,23.322,65.548,223.44,341.82,94.448,77.221
0.2266,3687.6,4511.2,9.4081,27.23,42.019,2708.3,75.038,120.41,0.34295,80.197,51.423,2637.3,25.614,52.337,3103.6,23.103,65.52,220.71,341.63,94.659,77.604
0.22753,3698.4,4445.6,9.333,26.888,42.012,2707.6,76.29,120.4,0.33441,80.321,50.444,2637.1,24.647,49.253,3105.3,21.928,65.507,216.84,340.95,94.412,77.591
0.22637,3716.9,4463.5,9.3117,26.773,42.069,2704.6,74.895,120.41,0.33412,80.11,47.908,2633.1,24.726,50.439,3103.1,22.378,65.393,214.76,340.87,94.494,76.87
0.26999,3654.3,4497.6,9.3258,26.836,42.241,2700.4,74.359,120.39,0.33809,79.707,49.193,2628.5,24.035,51.088,3098.1,22.737,65.19,209.01,340.48,94.575,76.542
0.2717,3666.4,4497.9,9.3717,27.038,42.385,2700.9,74.893,120.38,0.33501,79.762,51.695,2629.9,25.81,49.721,3099,23.572,64.935,203.97,340.85,94.81,77.225
0.27213,3654.4,4472.6,9.3074,26.717,42.361,2706,75.133,120.42,0.34029,80.086,48.688,2634.2,25.07,50.589,3102.8,21.972,64.777,200.45,341.05,94.666,77.874
0.27227,3649.8,4522,9.3315,27.074,42.342,2706.9,75.239,120.38,0.33927,80.194,49.48,2635.4,25.195,49.857,3104.6,22.438,64.724,196.33,341.26,94.639,77.471
0.27617,3646,4513.4,9.3013,26.877,41.996,2709,74.872,120.41,0.35215,80.295,50.243,2638.3,27.661,50.419,3103.9,22.74,64.675,195.59,341.79,94.61,77.51
0.2767,3623,4487,9.2942,26.497,41.974,2709.8,75.588,120.39,0.35563,80.263,49.51,2639,23.904,47.932,3104.9,22.79,64.619,196.07,341.86,94.689,77.665
0.26404,3632.9,4541.6,9.3753,27.092,42.399,2709.1,74.009,120.42,0.32849,80.109,50.614,2637.3,24.462,51.159,3106.6,23.112,64.584,199.12,341.36,94.631,77.263
0.2611,3595.5,4489,9.2674,26.825,42.367,2710.2,75.488,120.35,0.3322,79.991,50.305,2639.6,26.056,49.655,3105.2,22.094,64.575,203.43,341.96,94.828,77.063
0.24343,3664.9,4522.9,9.3422,27.052,42.234,2710.6,74.735,120.43,0.33193,79.934,49.619,2639.4,24.464,49.364,3106.1,22.952,64.607,208.73,342.06,94.769,77.635
0.24188,3676.8,4443.7,9.451,26.858,42.336,2711.3,74.598,120.39,0.33239,80.037,50.092,2640,25.75,52.311,3106.6,21.883,64.761,215.48,342.29,94.595,77.411
0.31062,3618.3,4493.2,9.4378,26.779,42.306,2711.5,74.447,120.41,0.36814,79.898,48.772,2639.6,25.655,52.274,3107.9,22.521,64.933,222.75,342.38,94.721,77.03
0.31032,3685,4525.4,9.3435,26.865,42.055,2713.4,74.562,120.39,0.36599,80.004,50.568,2643.2,25.22,49.378,3108.6,22.2,65.029,221.1,342.65,94.555,77.793
0.28526,3666.2,4487.9,9.5008,26.7,42.297,2715.7,74.587,120.44,0.33125,80.083,51.442,2644.7,25.424,47.823,3111.6,22.345,65.169,221.11,342.92,94.577,77.229
0.28533,3691,4456.1,9.4044,26.986,42.647,2715.1,75.064,120.37,0.33147,79.959,49.55,2644.2,25.901,50.706,3110.6,22.541,65.155,212.6,343.19,94.486,77.339
0.1944,3670.7,4521.8,9.4109,26.677,42.365,2716.4,74.442,120.43,0.31664,80.085,50.006,2645.7,24.964,48.557,3110.3,22.649,65.008,206.39,343.71,94.558,77.612
0.19366,3659.4,4504.5,9.3851,26.773,42.573,2713,74.488,120.4,0.31542,79.912,48.315,2641.9,26.499,50.297,3108.7,22.695,64.928,206.51,342.71,94.467,76.889
0.20693,3677.7,4526.6,9.3333,26.586,42.191,2711.1,74.784,120.4,0.34952,79.728,49.561,2641.1,23.85,50.65,3104.8,23.335,64.789,207.83,343.54,94.588,76.831
0.20651,3670.6,4507.7,9.4058,26.908,42.269,2709.5,74.546,120.39,0.3492,79.643,49.959,2638,26.081,50.712,3103.9,22.618,64.741,209.16,342.92,94.684,77.029
0.23784,3658.7,4583.2,9.3885,26.841,42.392,2710.1,74.333,120.39,0.32051,79.724,48.697,2639.3,26.371,50.736,3104.7,22.727,64.719,212.89,342.79,94.66,77.311
0.23944,3660.5,4518.5,9.4092,27.251,42.082,2712.6,74.27,120.41,0.31793,79.795,49.571,2641.8,25.894,49.671,3108.2,23.12,64.74,215.56,342.48,94.56,77.41
0.21592,3609.3,4539,9.4049,26.524,42.563,2716.7,74.537,120.4,0.33399,80.16,50.392,2646.4,24.986,51.376,3109.6,23.151,64.853,215.07,343.43,94.608,77.86
0.21756,3601.7,4525.2,9.4204,26.781,41.974,2719.9,75.515,120.39,0.33375,80.305,51.419,2649.4,25.504,48.323,3112.1,21.769,65.013,216.69,343.5,94.733,77.59
0.27208,3640.8,4586.8,9.4147,26.966,42.056,2718.3,74.95,120.37,0.32982,79.991,48.357,2647.5,25.618,49.829,3113.9,22.28,65.123,221.13,342.73,94.686,77.304
0.27299,3660.6,4499.6,9.4584,26.553,42.178,2719.6,74.89,120.42,0.33163,79.877,49.963,2649.4,25.838,48.796,3113.8,21.034,65.155,222.54,343.39,94.606,77.114
0.26648,3660.1,4596.1,9.3603,26.574,42.397,2720.6,74.895,120.4,0.31291,79.706,50.02,2649.6,23.695,49.422,3116.2,23.913,65.186,224.25,343.62,94.625,77.518
0.26685,3650.5,4539.1,9.3194,26.811,42.272,2722.1,74.732,120.42,0.31631,79.702,48.935,2651.8,24.725,49.445,3117.1,23.02,65.218,226.94,343.81,94.535,76.938
0.24744,3648.8,4473,9.4333,27.162,42.818,2721.5,75.031,120.39,0.31747,79.54,50.359,2651.4,24.036,49.475,3117.5,23.865,65.245,229.4,344.23,94.578,77.078
0.24726,3674.1,4517,9.2943,26.521,42.451,2723.4,75.205,120.42,0.31913,79.693,49.736,2652.7,24.014,50.852,3116.6,22.776,65.306,232.43,344.21,94.472,77.498
0.25734,3671.1,4514.3,9.4091,27.063,42.346,2722.4,74.42,120.39,0.34435,79.788,50.72,2652.4,25.084,48.52,3115.7,22.969,65.412,233.42,343.99,94.404,77.367
0.25576,3678.8,4536,9.4194,26.752,42.303,2721.2,75.135,120.41,0.34247,79.693,50.766,2650.7,24.024,49.325,3115.2,22.972,65.509,237.07,344.04,94.527,76.768
0.24889,3659.9,4566.7,9.2996,27.228,42.545,2720.6,75.088,120.41,0.31268,79.484,50.465,2650.3,22.802,50.108,3115.2,23.772,65.527,238.97,344.6,94.548,76.927
0.24707,3683.8,4573.4,9.3086,26.799,42.602,2721.6,73.588,120.4,0.31353,79.506,50.871,2651.3,24.259,49.139,3115.5,22.862,65.556,239.07,344.27,94.391,76.993
0.2227,3672.7,4510.2,9.3429,26.675,42.462,2721.6,75.615,120.39,0.33538,79.611,51.6,2651.4,26.194,49.84,3114.2,23.762,65.625,241.64,343.88,94.641,77.116
0.22263,3624.4,4546.9,9.2898,27.079,41.839,2721.4,74.737,120.4,0.33362,79.84,48.938,2651.1,25.117,51.309,3115.1,23.633,65.71,238.6,343.98,94.337,77.411
0.22369,3694.4,4543.1,9.3514,27,42.55,2719.2,75.303,120.41,0.32081,79.851,48.376,2648.5,25.261,49.003,3114.9,23.099,65.755,232.28,343.6,94.424,77.192
0.223,3688.4,4558.8,9.4229,26.643,42.432,2715.6,73.858,120.38,0.31949,79.718,51.673,2644.7,24.514,52.061,3112.1,22.944,65.683,224.55,343.09,94.366,76.935
0.23833,3701.5,4484.3,9.3009,26.888,42.493,2715.9,75.231,120.41,0.33992,79.851,50.309,2644.6,24.441,50.35,3110.4,23.68,65.489,218.65,343.31,94.491,77.537
0.23809,3685.4,4482.3,9.2386,26.868,42.413,2712.8,74.992,120.38,0.33896,79.79,51.62,2641.6,24.053,49.151,3107.5,23.683,65.326,208.28,342.78,94.458,76.919
0.16281,3621.2,4486.5,9.3069,27.007,42.178,2709.3,75.724,120.37,0.33796,79.806,48.345,2637.9,25.555,49.698,3103.3,24.345,65.126,207.59,342.31,94.72,77.013
0.16279,3618.4,4479.6,9.2568,26.565,41.988,2707.7,74.758,120.36,0.33754,79.819,50.457,2636.9,24.256,49.595,3100.4,22.318,64.99,209.71,342.79,94.888,77.112
0.24647,3721.2,4504,9.365,26.939,41.97,2706.6,75.058,120.4,0.32158,79.675,49.544,2636,26.121,49.915,3103.1,22.489,64.899,211.73,341.69,94.734,76.777
0.24675,3723.9,4546.8,9.3308,26.666,42.026,2708.2,74.811,120.39,0.32512,79.747,50.43,2636.7,26.473,50.147,3103.3,24.006,64.84,216.72,341.26,94.69,76.996
0.25111,3658.2,4522.7,9.3846,27.224,42.317,2708.3,74.535,120.41,0.3571,79.914,51.759,2637.4,24.679,50.601,3103.5,22.807,64.947,218.11,341.26,94.763,77.35
0.24887,3671.9,4499,9.3182,26.827,42.334,2707.4,75.258,120.38,0.35772,80.004,51.308,2636.7,25.864,49.437,3104.4,22.775,65.101,223.41,341.26,94.585,77.131
0.23877,3541.1,4530.8,9.4172,26.962,42.218,2708.9,74.902,120.38,0.34671,80.083,51.431,2638.1,25.138,49.702,3105.6,23.582,65.314,230.17,340.95,94.896,77.246
0.24067,3595.5,4524.1,9.3554,27.006,42.15,2710.3,74.878,120.4,0.34515,80.055,50.197,2638.2,24.529,50.921,3105.9,23.928,65.514,233.89,341.1,94.81,76.994
0.21371,3634.3,4529.6,9.3292,26.841,42.348,2710.4,75.658,120.36,0.33947,79.996,50.805,2639,25.177,50.206,3108,22.572,65.698,240.89,340.66,94.775,77.273
0.21657,3660.7,4497.7,9.3197,27.092,42.764,2711.3,75.127,120.43,0.3369,80.052,48.9,2640,26.614,49.258,3109,24.074,65.868,244.85,340.93,94.782,77.446
0.251,3609.4,4511.2,9.2998,27.073,41.97,2713.4,75.462,120.42,0.35442,80.195,49.58,2641.7,25.516,47.795,3110.5,23.795,66.06,250.02,340.73,94.745,77.352
0.25499,3621.4,4499.7,9.3869,27.205,42.266,2710.7,76.119,120.37,0.35847,79.917,50.811,2638.7,23.677,50.467,3109.4,22.573,66.229,252.21,340.47,94.743,77.034
0.27342,3674.3,4561.9,9.3849,26.719,42.444,2711.3,75.969,120.43,0.32832,79.863,49.359,2639.4,24.999,50.876,3110.2,21.845,66.311,256.14,340.71,94.787,77.124
0.2731,3669.1,4540.4,9.461,26.664,42.586,2713.1,74.688,120.4,0.32992,79.899,49.94,2641.4,24.038,48.817,3111.7,23.781,66.405,258.53,340.92,94.681,77.44
0.2645,3621.4,4519,9.3454,26.951,42.244,2714.9,74.027,120.42,0.33789,80.072,50.183,2643.7,22.768,50.528,3112.6,22.711,66.513,257.99,340.96,94.572,77.166
0.26776,3617.3,4490.2,9.3639,26.771,42.18,2713.3,74.429,120.41,0.34099,79.951,50.401,2642.8,26.971,50.106,3111.1,22.375,66.569,257.54,341.05,94.59,77.097
0.30155,3658.4,4512.9,9.327,26.596,42.501,2713.6,74.147,120.43,0.32882,79.796,48.655,2642.5,25.277,48.952,3113.1,24.036,66.562,256.27,340.92,94.632,77.123
0.30032,3669.1,4579.8,9.5094,27.086,41.969,2715.3,74.871,120.41,0.33216,79.881,48.372,2644.7,24.536,49.809,3113.4,23.544,66.561,258.09,341.56,94.584,77.264
0.28684,3631.7,4534,9.4122,27.185,42.492,2716,74.684,120.4,0.33673,79.954,48.446,2645.1,25.532,52.188,3113.7,23.581,66.595,259.12,341.68,94.536,77.243
0.28767,3660.4,4493,9.2651,26.849,42.486,2714.8,74.544,120.41,0.3417,79.877,47.345,2643.3,24.446,49.417,3112.6,22.697,66.635,259.08,341.69,94.606,77.01
0.27082,3650.2,4529.7,9.2537,26.645,42.187,2714.6,75.307,120.42,0.33067,79.9,50.378,2643.8,24.071,49.912,3111.5,23.519,66.612,256.49,341.93,94.473,77.091
0.26816,3692.5,4572.1,9.3075,26.741,42.035,2712.9,75.64,120.4,0.33096,79.793,48.453,2641.2,25.243,50.748,3112.3,22.25,66.621,258.51,341.32,94.631,77.155
0.25498,3673.6,4566.2,9.3399,26.892,42.197,2712.6,74.712,120.43,0.33906,79.838,49.165,2641,24.723,49.125,3109,23.813,66.594,256.03,341.49,94.47,77.327
0.25302,3677.5,4583.9,9.2556,27.212,41.87,2708.6,75.294,120.4,0.33821,79.803,52.267,2637.2,25.189,48.327,3108.4,23.661,66.585,255.43,341.21,94.544,76.941
0.27354,3687,4522.8,9.294,26.798,42.498,2708,74.897,120.41,0.34806,79.788,51.755,2637.8,24.73,51.574,3105.1,22.404,66.544,255.85,341.11,94.461,76.904
0.27665,3680.4,4556.7,9.3336,26.727,42.163,2707.7,75.38,120.38,0.34371,79.868,50.419,2636.5,23.913,49.228,3105.1,24.407,66.496,254.76,341.35,94.615,77.504
0.31507,3599,4527.7,9.1575,27.136,42.401,2711.8,75.521,120.42,0.32411,80.21,49.202,2639.8,24.952,49.739,3109.3,24.12,66.573,250.44,340.97,94.629,77.703
0.31618,3620.2,4564.6,9.2628,27.068,42.131,2713.3,75.56,120.39,0.32607,80.333,49.019,2642.3,24.623,48.322,3110.6,22.566,66.674,254.3,341.52,94.607,77.269
0.26941,3713.3,4499.4,9.3144,26.853,42.443,2709,75.215,120.4,0.32872,79.996,51.958,2637.7,25.547,49.091,3108,22.613,66.662,253.59,341.3,94.533,76.87
0.26825,3738.7,4451.3,9.227,26.844,42.453,2706.6,74.895,120.42,0.32824,79.902,50.625,2635.5,26.361,49.749,3105.2,22.526,66.593,252.88,341.4,94.445,76.972
0.27298,3669.5,4472,9.2643,27.001,42.366,2703.3,75.801,120.37,0.32562,79.753,48.976,2632.7,25.562,51.286,3100.1,23.11,66.521,251.37,341.49,94.535,76.6
0.27597,3637.3,4475.7,9.257,26.588,42.171,2702.7,76.2,120.39,0.32782,79.858,50.261,2631.3,25.225,49.691,3098.3,23.237,66.41,247.79,341.31,94.618,77.04
0.23944,3691.9,4563.5,9.2297,27.012,42.4,2701.4,75.16,120.38,0.322,79.907,50.032,2630,25.342,52.224,3098,23.328,66.339,243.74,340.91,94.649,76.892
0.23894,3713.6,4573.9,9.2765,26.732,42.033,2700.6,75.277,120.4,0.32439,80.017,49.218,2629.5,24.08,49.723,3097.3,23.401,66.272,241.04,340.76,94.625,76.892
0.26618,3662.3,4545.9,9.1885,26.632,42.534,2699.1,76.053,120.39,0.32107,80.015,48.465,2627.3,24.978,48.701,3096.1,22.866,66.191,237.9,340.74,94.674,77.111
0.26475,3637.6,4559.5,9.261,27.008,42.631,2697,75.466,120.39,0.32305,79.982,49.8,2625.8,26.373,49.657,3094.9,22.074,66.109,235.78,340.05,94.856,76.985
0.24977,3614.4,4533.7,9.1301,26.952,42.008,2696.7,75.67,120.38,0.33399,80.017,49.638,2625.4,25.985,50.724,3092.6,23.987,66.007,232.22,340.53,94.768,77.074
0.25074,3582.2,4530.3,9.2177,27.303,42.496,2697.7,74.931,120.39,0.3346,80.127,51.672,2625.7,24.13,47.981,3094.5,21.737,65.958,233.84,340.06,95.097,77.04
0.24631,3639.2,4522.7,9.3016,27.249,42.017,2696.3,75.364,120.37,0.34739,79.998,51.8,2623.8,25.033,49.215,3094.4,22.053,65.913,231.33,340.2,94.767,77.122
0.24443,3670.7,4508.3,9.2802,26.678,42.25,2695.4,74.881,120.41,0.34439,80.007,50.647,2624,26.73,50.816,3094.2,22.836,65.811,227.72,339.55,94.924,77.106
0.2355,3672.6,4477.1,9.3503,26.71,42.276,2695.3,74.98,120.43,0.34211,80.167,51.582,2622.7,26.934,49.808,3095.1,23.469,65.708,223.85,338.97,94.698,77.236
0.23458,3698.5,4479,9.2911,26.924,42.216,2693,75.993,120.42,0.33858,80.223,49.337,2622,25.693,50.763,3093.1,22.301,65.642,223.87,338.71,94.73,77.14
0.2979,3710,4494.7,9.2646,27.103,42.302,2694.4,75.581,120.46,0.33702,80.457,49.046,2622.9,23.747,51.684,3094.9,23.83,65.649,222.09,338.37,94.569,77.599
0.29491,3741.1,4501.7,9.1758,26.826,42.367,2693.5,74.869,120.41,0.33825,80.59,51.514,2621.6,25.004,50.516,3094.5,22.521,65.686,221.98,338.03,94.503,77.015
0.23718,3635,4505.3,9.1832,26.726,42.31,2688.6,74.932,120.4,0.34576,80.366,50.5,2616.2,25.407,50.849,3087.9,23.282,65.696,223.83,338.28,94.592,77.046
0.23855,3626.6,4483.5,9.2202,26.957,42.06,2686.7,75.389,120.38,0.3452,80.334,48.784,2614.8,25.661,49.738,3087.7,23.074,65.654,222.27,337.9,94.946,77.225
0.29944,3620.3,4434.8,9.2793,27.338,42.354,2686,75.494,120.41,0.34032,80.268,50.752,2613.6,25.605,49.939,3086.9,23.434,65.634,221.63,337.59,94.755,77.153
0.30177,3609.4,4449.7,9.3584,27.047,42.313,2689.7,74.784,120.36,0.33818,80.424,49.463,2617.3,24.905,51.98,3089,23.685,65.599,222.77,338.1,94.982,77.583
0.28603,3645.1,4472.3,9.2969,27.048,42.249,2691.6,75.721,120.41,0.34707,80.504,50.537,2619.2,24.672,49.829,3092.1,23.773,65.646,222.46,338.4,94.691,77.309
0.28806,3646.7,4468.7,9.2553,26.603,42.557,2691.4,75.218,120.39,0.34624,80.43,51.598,2619.8,26.655,52.455,3092.3,24.11,65.687,224.67,338.69,94.787,76.982
0.27635,3652.9,4490.6,9.3611,26.859,42.2,2693.9,74.248,120.44,0.33745,80.644,49.404,2622.1,24.382,49.603,3093.4,23.102,65.693,224.29,338.98,94.699,77.758
0.27481,3672.3,4465.6,9.3754,27.063,42.338,2693.3,74.788,120.42,0.33759,80.54,48.76,2621.7,24.041,51.081,3094,21.917,65.736,224.93,338.72,94.691,77.012
0.22633,3693.7,4544.6,9.3939,26.816,42.255,2690.2,75.254,120.4,0.3508,80.22,49.402,2617.6,25.389,51.473,3090.4,22.844,65.71,224.85,338.78,94.707,77.195
0.22587,3675.2,4506.9,9.3926,26.539,42.55,2689.2,74.197,120.43,0.35254,80.255,48.717,2616.7,25.556,50.213,3089.3,22.71,65.677,226.14,339.28,94.659,77.018
0.30238,3642.4,4431.7,9.4017,26.854,42.32,2688.9,75.401,120.38,0.35235,80.149,49.369,2616.8,24.475,52.588,3088.9,23.161,65.628,224.73,338.68,94.656,77.179
0.30284,3638.9,4520.6,9.3735,27.062,42.396,2691.8,73.968,120.41,0.3478,80.331,50.702,2620.1,25.344,50.979,3091.3,22.828,65.639,227.36,339.54,94.758,77.447
0.28785,3612.7,4493,9.3871,26.868,42.216,2691.9,74.187,120.38,0.35571,80.331,51.555,2619.4,26.186,50.32,3090.5,22.347,65.651,228.85,339.7,94.686,77.478
0.28781,3609.1,4445.9,9.3309,27.046,42.249,2695,75.03,120.41,0.35262,80.519,50.535,2622.8,25.597,49.558,3093.7,23.04,65.733,228.19,340.11,94.854,77.934
0.31204,3635.8,4455.3,9.3914,26.903,42.939,2697.1,74.65,120.37,0.32688,80.46,49.19,2625.1,24.225,48.942,3095.4,22.675,65.799,231.07,340.65,94.692,77.541
0.312,3637.8,4452.9,9.4496,27.271,42.24,2700.5,74.744,120.44,0.33018,80.46,49.939,2629.2,23.597,49.646,3096.7,22.231,65.816,230.74,341.65,94.565,77.776
0.24682,3663.3,4511.1,9.4122,26.873,42.414,2699.1,74.473,120.38,0.34166,80.413,50.512,2627.3,24.387,52.067,3098.6,23.667,65.863,232.2,340.97,94.484,77.454
0.24366,3678.2,4551.3,9.6055,26.874,42.488,2700.2,74.116,120.44,0.34206,80.406,51.05,2628.5,25.104,48.932,3098.6,23.334,65.91,235.1,341.22,94.615,77.306
0.25404,3631.4,4482.2,9.3826,26.928,42.441,2698.3,74.346,120.37,0.35883,80.163,48.613,2626.6,25.093,50.095,3095.5,22.262,65.938,235.78,341.6,94.52,76.887
0.25513,3625.7,4504.4,9.4033,26.735,42.667,2698.8,74.909,120.43,0.35784,79.998,49.648,2626.4,25.715,51.24,3095.4,22.634,65.916,239.41,342.25,94.69,77.485
0.20505,3682.5,4489.5,9.4097,26.862,42.672,2696.8,74.626,120.37,0.37026,80.028,48.795,2625.3,24.09,50.575,3096.1,23.663,65.946,240.85,341.41,94.669,77.224
0.20483,3680.4,4506.4,9.555,26.91,42.273,2699.9,74.151,120.42,0.36547,80.202,49.47,2628.4,26.572,51.156,3096.6,23.455,65.967,242.04,341.84,94.554,77.469
0.28228,3707,4510.2,9.4972,27.1,42.657,2702.4,74.677,120.41,0.34711,80.287,50.642,2632,26.549,51.106,3101,22.769,66.071,246.71,341.97,94.38,77.804
0.28004,3662.1,4510.5,9.5348,27.206,42.432,2705.6,74.082,120.4,0.34751,80.425,50.931,2634.7,25.045,50.528,3103.7,22.71,66.203,246.29,342,94.455,77.507
0.26966,3695.9,4535.3,9.4967,26.628,42.524,2704.6,74.042,120.39,0.3583,80.287,51.307,2633,25.594,51.114,3104.6,24.21,66.285,248.98,342.15,94.329,77.675
0.2701,3681.6,4552.8,9.4533,27.136,42.378,2706.1,74.491,120.4,0.35783,80.327,49.977,2634.8,25.194,48.666,3104.2,22.28,66.379,247.99,342.83,94.363,77.42
0.26599,3593.1,4506.6,9.4909,26.861,42.542,2705.6,74.209,120.4,0.33315,80.035,52.013,2634.1,23.881,53.411,3102.7,23.994,66.429,250.49,343.21,94.574,76.916
0.27126,3620.7,4529.1,9.5493,27.237,42.615,2707.2,74.59,120.35,0.33226,79.981,49.33,2636.2,26.264,50.89,3103.2,22.99,66.394,252.72,343.63,94.468,77.606
0.21934,3680.1,4523.4,9.4509,26.848,42.347,2711.1,75.499,120.41,0.34538,80.128,48.48,2639.9,25.846,50.533,3106.4,22.877,66.387,249.04,344.01,94.516,77.45
0.22317,3695,4540,9.3722,27.13,42.267,2712.1,75.486,120.41,0.34384,80.275,50.826,2642.1,25.263,50.338,3107.1,21.987,66.412,245.91,343.99,94.319,77.615
0.20929,3635,4535.3,9.2444,27.051,42.544,2709.3,74.44,120.39,0.34604,80.088,50.512,2638.5,26.051,48.084,3105.5,23.111,66.397,245.48,343.9,94.58,77.106
0.20687,3646.2,4535.3,9.3704,27.066,42.56,2709.3,74.622,120.37,0.35097,79.895,48.791,2638.2,25.566,50.84,3103.5,23.181,66.301,244.25,344.22,94.535,76.993
0.19463,3668.7,4545.1,9.3772,27.047,42.381,2710.4,74.602,120.4,0.32929,80.02,49.702,2640.1,25.015,49.433,3105.3,23.246,66.188,240.59,343.8,94.521,77.318
0.19646,3761,4504.9,9.5024,27.02,42.316,2709.7,74.082,120.42,0.33055,79.903,49.752,2638.8,25.048,47.784,3106.1,24.044,66.105,240.64,343.83,94.343,77.224
0.18436,3716,4545.8,9.467,26.638,42.259,2709.4,74.757,120.39,0.35058,79.972,48.973,2639,23.244,49.423,3104.7,23.303,66.052,239.69,343.61,94.484,77.389
0.18578,3705.5,4514.1,9.4128,26.798,41.97,2709.8,75.309,120.39,0.3527,80.103,50.911,2639.1,26.768,49.793,3104,21.596,66.051,240.22,343.34,94.367,77.245
0.22049,3706.4,4516.1,9.4677,27.012,42.418,2708,75.263,120.4,0.345,79.924,50.044,2637.5,23.795,48.984,3103.3,22.366,66.036,241.87,343.01,94.442,77.057
0.21768,3682.2,4561.9,9.5316,26.916,42.524,2706.3,75.165,120.42,0.3433,79.834,49.452,2635,24.265,48.669,3103.6,23.821,66.01,242.57,343.02,94.39,77.278
0.19304,3665.5,4557.3,9.3169,26.367,42.452,2706.9,74.863,120.4,0.33913,79.884,50.388,2635.4,24.723,51.139,3103.4,23.237,66.031,243.46,342.7,94.586,77.2
0.19132,3659.5,4536.7,9.5106,27.036,42.59,2706.5,75.545,120.38,0.34156,79.94,51.696,2635.1,25.369,48.888,3103.5,23.64,66.062,244.67,342.54,94.484,77.143
0.18839,3704,4524.7,9.3982,27.328,42.139,2709,74.91,120.42,0.32159,80.119,50.437,2638,24.353,48.64,3106.3,22.511,66.103,245.07,342.25,94.494,77.74
0.18627,3712.6,4567,9.2033,26.612,42.347,2709.2,74.65,120.42,0.31969,80.29,50.707,2638.7,24.299,48.887,3107.8,23.335,66.262,247.09,341.75,94.221,77.646
0.23937,3671,4513.6,9.407,27.223,42.687,2707.7,74.776,120.39,0.32853,80.159,50.356,2635.5,24.35,51.355,3107.3,23.683,66.352,249.19,341.05,94.564,77.182
0.23793,3666.1,4493.7,9.2826,26.684,42.741,2707.5,75.386,120.39,0.32913,79.997,49.752,2636.1,26.524,48.887,3104.6,22.895,66.382,248.24,341.57,94.383,77.251
0.2174,3613.9,4510.1,9.4154,26.632,42.187,2707.4,75.483,120.38,0.36068,80.034,48.143,2637.1,26.841,49.36,3104.1,23.515,66.388,248.53,341.78,94.736,77.231
0.21735,3638.6,4554.6,9.457,27.097,42.215,2707,75.671,120.39,0.35917,80.024,51.016,2635.4,25.264,50.34,3104.5,22.342,66.403,251.65,341.52,94.576,77.313
0.22822,3636.1,4514.3,9.1808,26.935,42.372,2708.5,74.865,120.39,0.33473,80.018,49.799,2637.2,25.033,49.668,3105,23.216,66.431,251.3,341.28,94.785,77.485
0.22877,3648.2,4512.6,9.4745,26.536,42.235,2707.8,75.434,120.4,0.33776,79.894,50.503,2635.4,25.709,50.292,3106.3,22.604,66.405,248.76,341.48,94.591,76.953
0.21235,3663.7,4484.6,9.4854,26.706,42.052,2708.7,74.455,120.38,0.3287,79.878,50.141,2636.8,24.866,49.712,3105.7,23.055,66.316,247.57,341.45,94.716,77.248
0.21308,3640.6,4494.4,9.4822,26.744,42.123,2710.5,75.312,120.38,0.33112,80.025,50.272,2639.7,24.167,52.273,3107.5,23.755,66.241,244.31,341.62,94.655,77.535
0.22428,3761.2,4545.9,9.4225,27.183,42.922,2713.9,74.722,120.42,0.33496,80.368,51.418,2643,24.87,50.328,3111.6,22.146,66.28,242.98,341.44,94.51,77.6
0.22498,3734,4545.5,9.2817,27.085,42.531,2711.6,75.584,120.42,0.3352,80.214,48.869,2640.2,26.212,49.933,3110.3,23.376,66.23,235.37,340.99,94.29,77.342
0.24256,3678.8,4514.8,9.2585,27.124,42.457,2707.9,75.93,120.41,0.35123,80.047,48.849,2635.9,24.081,48.793,3107.2,22.715,66.115,233.85,340.31,94.445,77.197
0.24381,3665.3,4535.5,9.4223,27.262,42.218,2706.6,75.126,120.4,0.34843,79.885,49.55,2635.2,23.682,50.282,3105.1,23.215,65.975,231.71,340.66,94.555,77.192
0.2627,3694.9,4495.5,9.1328,26.884,42.226,2706,75.761,120.41,0.33971,79.901,50.679,2634.5,25.1,48.937,3103,23.609,65.814,227.58,340.89,94.58,77.151
0.26141,3713.6,4468.2,9.3346,26.868,42.33,2706.2,74.749,120.37,0.33562,79.961,50.299,2634.7,25.432,48.412,3104.3,23.386,65.71,226.56,340.53,94.583,77.276
0.24805,3655.4,4492,9.3222,26.946,42.531,2705,74.649,120.4,0.33249,79.966,51.006,2632.3,24.574,49.674,3103.6,23.026,65.642,224.39,340.45,94.559,77.1
0.24857,3670.5,4531.9,9.2796,26.419,42.443,2707.2,74.824,120.4,0.33356,80.1,49.043,2635.3,25.306,50.91,3103,23.118,65.592,225.28,341.17,94.674,77.383
0.2201,3640.7,4445.7,9.4206,26.921,42.538,2706.7,76.647,120.4,0.32566,80.091,49.925,2635.5,23.784,50.722,3103.6,23.301,65.557,225.6,340.62,94.654,77.477
0.21912,3663.6,4516,9.3152,27.029,42.358,2708.7,75.932,120.42,0.32646,80.251,50.358,2637.6,26.694,50.918,3105.5,22.989,65.638,230.36,340.89,94.723,77.47
0.27811,3634.5,4485.2,9.3057,27.362,42.447,2709.6,74.59,120.39,0.32359,80.337,49.684,2638.4,24.71,51.377,3107,23.1,65.702,230.67,340.7,94.676,77.374
0.2767,3687.5,4488.7,9.3475,26.703,42.469,2706.7,75.154,120.41,0.32233,79.993,49.078,2634.7,25.433,51.229,3105.1,23.726,65.774,233.27,340.72,94.596,76.568
0.2657,3675.9,4433.9,9.2498,26.847,42.632,2705.2,75.778,120.39,0.32854,79.747,50.341,2633.5,24.847,50.073,3103.4,22.484,65.744,235.67,340.74,94.826,77.019
0.26638,3700.9,4423,9.2768,26.514,42.428,2707.7,73.782,120.41,0.33111,79.901,50.333,2635.8,26.89,50.71,3103.7,23.199,65.756,240.15,340.74,94.571,77.386
0.30161,3662.5,4543.8,9.346,26.992,42.4,2711.6,75.064,120.43,0.32178,80.214,48.583,2641,23.782,49.222,3109.6,22.878,65.901,241.71,341.23,94.619,77.571
0.3,3670.1,4595.9,9.3062,27.052,42.569,2713.3,75.582,120.41,0.31909,80.29,51.074,2642.5,22.964,50.464,3110,23.081,66.073,242.21,341.15,94.341,77.28
0.2717,3669.1,4496.6,9.2943,26.751,41.915,2711.7,76.2,120.43,0.32409,80.071,49.355,2640.8,23.94,48.628,3109,24.118,66.182,243.56,341.41,94.525,76.988
0.27235,3712.1,4506.9,9.341,26.802,42.44,2708,74.986,120.39,0.32191,79.877,53.115,2636.4,25.75,50.677,3107.9,22.156,66.193,246.94,341.37,94.474,76.934
0.2637,3684.6,4460.9,9.2457,26.765,42.505,2708.5,75.771,120.4,0.33855,79.898,53.853,2637.4,24.473,49.387,3104.2,23.177,66.193,247.16,341.34,94.574,77.097
0.26355,3636.8,4471.5,9.4542,27.062,42.192,2707,75.133,120.4,0.33486,79.882,50.551,2636.2,26.993,50.749,3104.1,24.751,66.216,247.23,341.54,94.628,77.17
0.28284,3723.9,4500.3,9.2339,26.856,42.727,2707.6,75.395,120.42,0.34533,79.972,50.441,2635.8,24.975,51.522,3106,22.275,66.22,245.36,341.19,94.505,77.173
0.28234,3702.9,4505.7,9.2737,27.361,42.106,2707.4,75.906,120.41,0.34745,80.046,51.344,2635.8,26.369,50.721,3104.9,23.558,66.182,239.88,341.14,94.406,77.57
0.2673,3693.7,4559.1,9.3442,26.877,42.219,2705.7,75.373,120.4,0.35143,80.027,49.058,2634.3,25.707,49.536,3103.6,23.503,66.172,237.04,341.12,94.542,76.819
0.26651,3671.3,4516.9,9.2645,26.745,42.008,2703.9,75.287,120.4,0.35082,80.013,48.919,2633.6,23.263,49.174,3101.5,23.106,66.043,232.22,341.67,94.5,77.323
0.24913,3669.1,4528.8,9.3142,27.209,42.132,2704.3,75.433,120.37,0.35238,80.101,48.109,2632.4,23.744,48.515,3100.1,21.901,65.91,226.28,341.55,94.642,77.119
0.24936,3692.8,4554.3,9.2624,26.759,42.162,2700.7,74.823,120.39,0.34913,79.914,50.07,2629.6,26.418,50.882,3098.6,23.854,65.736,224.16,341.27,94.607,76.977
0.25575,3656.6,4537.5,9.2871,26.571,42.186,2703.1,75.606,120.38,0.32143,80.225,49.169,2632.4,23.77,50.304,3099.5,23.24,65.599,217.71,341.43,94.728,77.613
0.25384,3642.7,4570.8,9.2831,26.649,42.853,2702.4,74.855,120.4,0.32203,80.2,49.991,2630.4,24.457,49.679,3101.3,23.651,65.496,216.23,340.85,94.657,77.263
0.25149,3644.7,4537.7,9.3293,26.915,42.387,2702.2,74.493,120.34,0.33782,80.063,49.633,2630.9,25.61,46.99,3098.7,22.686,65.393,217.33,340.74,94.784,76.889
0.25033,3648.4,4493.8,9.1244,26.98,41.838,2701.4,74.919,120.4,0.33373,79.949,49.263,2629.1,25.889,49.896,3096.6,22.129,65.322,221.64,340.67,94.858,77.049
0.25736,3675.5,4486.8,9.4224,27.122,42.254,2701.8,74.757,120.38,0.35016,80.058,49.248,2630.4,24.484,49.271,3098.5,21.409,65.344,227.42,340.95,94.61,77.421
0.25982,3679.1,4534.1,9.3534,27.169,42.138,2702.8,75.346,120.42,0.34744,80.182,49.775,2632.4,23.707,50.969,3100.5,23.88,65.503,235.38,340.83,94.645,77.635
0.22966,3653.3,4507.1,9.2812,27.019,42.12,2703.1,74.481,120.41,0.33817,80.346,48.632,2631.3,25.462,50.573,3101.5,23.618,65.763,238.25,340.15,94.519,77.359
0.23288,3700.3,4492.6,9.2411,26.753,42.006,2702.7,74.998,120.42,0.33587,80.363,50.096,2631.1,25.145,50.753,3099.6,22.846,65.985,240.5,340.68,94.596,77.176
0.2065,3684.8,4475.4,9.2861,26.465,42.35,2698.9,75.601,120.4,0.34133,80.241,51.249,2627,25.355,51.3,3097.6,23.985,66.031,226.07,340.26,94.657,77.242
0.20793,3652.5,4484.4,9.2548,26.787,42.42,2697.2,74.135,120.4,0.34095,80.232,51.024,2625.7,26.663,49.954,3094.7,23.482,65.705,194.85,339.83,94.743,77.029
0.23599,3699.5,4494,9.2765,27.244,41.896,2696.3,74.983,120.4,0.34314,80.199,49.629,2624.4,25.774,47.742,3094.4,23.527,65.279,197.48,339.83,94.702,77.339
0.23278,3726.1,4457.1,9.3955,27.284,42.468,2693.6,76.085,120.41,0.34561,80.055,48.876,2621.5,25.12,49.097,3093.6,22.843,65.013,202.09,339.07,94.675,76.877
0.26871,3676.6,4537,9.4143,27.083,42.475,2694.8,74.918,120.41,0.33984,80.18,51.324,2623.3,26.293,50.715,3093.5,22.25,64.907,205.5,339.47,94.601,77.289
0.26806,3658.9,4509.5,9.2315,26.615,42.398,2695.3,75.19,120.45,0.3411,80.248,51.526,2623.8,25.263,49.157,3094.4,23.072,64.908,207.8,339.38,94.567,77.216
0.2744,3643,4459.3,9.3364,26.805,42.451,2695.5,74.563,120.39,0.34282,80.302,49.962,2623.7,25.12,49.58,3092.8,23.883,64.958,212.2,339.49,94.736,77.224
0.27258,3651.6,4473.5,9.4625,27.167,41.988,2696,75.47,120.41,0.34559,80.256,49.999,2623.8,27.082,49.359,3093.5,22.974,65.035,216.32,339.6,94.616,77.341
0.27954,3665.3,4489.7,9.2613,26.661,42.252,2696.7,74.423,120.39,0.3401,80.23,52.41,2624.3,25.708,51.46,3096,22.927,65.142,219.11,339.48,94.81,76.95
0.27735,3670.5,4476.6,9.2934,26.711,42.571,2697.7,74.432,120.4,0.33654,80.175,49.123,2625.5,25.554,49.539,3095.6,24.274,65.248,224.03,340.1,94.633,77.407
0.26413,3708,4394.5,9.3276,27.158,42.182,2698.7,75.337,120.42,0.35643,80.365,49.291,2627.1,26.552,51.302,3098.2,22.096,65.393,227.32,339.71,94.614,77.605
0.26323,3690.9,4431.9,9.3876,26.892,42.49,2700.4,74.399,120.43,0.35397,80.602,48.537,2628.8,25.374,50.308,3099.3,23.153,65.641,230.77,339.69,94.487,77.766
0.29132,3648.4,4525.2,9.4081,26.523,42.571,2697.8,74.959,120.42,0.35606,80.344,49.961,2626.5,25.823,50.396,3098.6,22.644,65.795,237.68,339.85,94.572,77.233
0.28724,3662.2,4470.9,9.3876,26.971,42.261,2699.2,75.106,120.39,0.35651,80.315,51.606,2627.6,23.902,48.864,3098.3,22.456,65.942,238.16,340.09,94.578,77.419
0.22394,3712.7,4475.4,9.4112,26.54,42.157,2701.2,74.504,120.42,0.33624,80.433,50.474,2630.4,23.506,48.588,3099.7,23.152,66.05,242.2,340.29,94.499,77.758
0.22336,3692.6,4500.9,9.2997,26.942,42.595,2698.9,74.536,120.4,0.33883,80.347,49.374,2627,24.531,49.678,3099.3,24.197,66.194,247.48,339.69,94.481,77.228
0.24176,3581,4485.1,9.4545,26.884,42.478,2698.3,75.797,120.4,0.32855,80.197,48.413,2627.2,24.048,50.006,3095.9,21.837,66.288,248.9,340.46,94.574,77.572
0.24178,3591.1,4534.8,9.3803,27.111,42.369,2699.2,74.552,120.37,0.3267,80.067,52.005,2626.7,24.497,49.167,3097.3,22.426,66.371,249.42,340.45,94.852,77.129
0.25513,3663.8,4507.5,9.4413,27.143,42.271,2704,75.221,120.4,0.32656,80.292,48.867,2632.8,24.588,52.27,3102.5,23.561,66.407,251.27,340.68,94.564,77.693
0.25641,3654.5,4515,9.3428,26.559,42.231,2707.4,75.23,120.43,0.32832,80.488,49.717,2636.5,24.648,50.3,3105.2,22.438,66.537,251.43,340.84,94.561,77.633
0.23675,3709.9,4481.3,9.3385,26.92,42.388,2704.5,75.926,120.42,0.3294,80.222,48.554,2633.3,24.872,50.497,3102.9,22.674,66.585,253.2,340.77,94.443,77.33
0.23704,3664,4476.3,9.4111,26.605,42.461,2704.3,75.097,120.4,0.32969,80.144,48.843,2632.9,23.585,47.781,3101.7,22.625,66.544,249.53,341.14,94.587,77.564
0.24534,3703.9,4488.3,9.3952,26.894,42.38,2704,75.152,120.41,0.34911,80.216,50.799,2632.5,24.974,49.823,3102.1,23.263,66.498,244.39,341.05,94.484,77.333
0.24445,3700.5,4531.5,9.3704,27.03,42.469,2703.1,73.584,120.39,0.34697,80.228,49.208,2632.3,24.541,49.63,3102,23.422,66.409,241.09,340.57,94.451,77.447
0.23682,3644.2,4514.3,9.3022,26.757,42.381,2703.6,75.133,120.38,0.34649,80.244,50.762,2632,26.332,50.265,3101,22.457,66.252,235.06,341.13,94.54,77.314
0.23766,3652.3,4505.7,9.3999,26.683,42.373,2701.6,74.514,120.38,0.347,80.029,49.29,2630.3,24.988,49.638,3098.8,22.521,66.102,230.86,341.23,94.595,76.965
0.23949,3693.3,4448.2,9.345,26.644,42.244,2702,75.774,120.42,0.35479,80.049,50.435,2630.8,25.415,49.131,3097.9,22.158,65.908,226.65,341.12,94.6,77.207
0.24127,3725.8,4472.5,9.3558,26.917,42.358,2698.6,73.805,120.41,0.35297,79.899,50.69,2626.3,25.471,49.5,3097.5,22.489,65.762,225.72,340.64,94.447,77.188
0.2563,3699.4,4555.2,9.4036,26.787,42.366,2698.7,74.025,120.41,0.36563,80.051,51.442,2627.5,25.654,48.816,3098.2,23.526,65.627,225.81,340.47,94.484,77.179
0.25334,3730.8,4522.6,9.3899,27.009,42.478,2700.2,75.672,120.41,0.36523,80.235,50.958,2629.6,24.362,49.596,3098.8,22.687,65.602,225.97,340.55,94.601,77.426
0.28493,3658.6,4469.9,9.2911,26.744,42.189,2700.8,74.359,120.37,0.36991,80.298,50.433,2629.4,25.025,51.345,3099.3,23.502,65.581,224.33,340.44,94.43,77.501
0.28724,3655.2,4495.6,9.3911,26.815,42.498,2704.2,75.321,120.4,0.36806,80.515,50.827,2632.7,24.777,48.442,3101.8,23.385,65.605,224.25,340.7,94.514,77.787
0.23232,3741.9,4454.7,9.392,26.976,42.576,2702.3,74.93,120.4,0.3438,80.441,50.218,2631.3,25.056,51.182,3103.3,24.052,65.611,218.83,340.56,94.368,77.555
0.23144,3694,4509.9,9.3915,26.659,42.403,2701.3,74.315,120.4,0.34136,80.355,49.79,2629.6,25.7,51.418,3101.6,22.339,65.566,219.21,339.97,94.392,77.242
0.23425,3688.1,4516.3,9.3895,26.908,42.192,2699.9,75.028,120.37,0.33973,80.183,49.983,2628.3,25.721,49.51,3098.6,22.915,65.452,214.26,340.43,94.502,77.336
0.23598,3710.1,4513.4,9.405,26.933,42.554,2700.7,75.326,120.4,0.3402,80.291,51.944,2629,24.488,49.282,3099.5,23.198,65.4,214.47,340.67,94.638,77.402
0.25543,3640.4,4442.2,9.3727,26.971,42.303,2700.4,75.056,120.36,0.3488,80.192,50.472,2628.3,26.042,49.936,3099.7,22.701,65.308,212.82,340.35,94.531,77.333
0.25584,3651.9,4436.1,9.4451,26.674,42.508,2702.2,74.442,120.4,0.34753,80.272,51.601,2630.6,25.872,49.287,3099.3,23.901,65.228,212.11,340.79,94.717,77.626
0.21922,3680.3,4521.5,9.4923,26.996,42.126,2702.8,74.75,120.35,0.33706,80.172,51.876,2630.8,25.299,49.935,3099.9,22.715,65.176,211.1,340.91,94.713,77.016
0.22004,3645.4,4509.9,9.4229,26.969,42.333,2703.4,75.112,120.41,0.34126,79.992,50.058,2632,25.229,47.762,3099.2,22.066,65.055,214.4,341.29,94.812,77.345
0.24953,3684.1,4486,9.4935,27.005,42.447,2704.6,74.999,120.4,0.33944,80.063,51.773,2633.5,24.394,48.675,3102.8,23.495,64.988,212.48,341.24,94.566,77.8
0.2496,3683.8,4498.1,9.4003,27.085,42.361,2709.2,75.033,120.39,0.34245,80.306,48.954,2638.1,23.698,49.66,3106.1,23.471,65.037,214.24,341.46,94.614,77.676
0.27251,3641.3,4459.9,9.4289,27.244,42.374,2709.1,74.097,120.4,0.34924,80.255,50.2,2637.9,25.717,50.902,3107.5,21.777,65.11,214.54,341.39,94.495,77.424
0.27343,3693.4,4468.5,9.4663,27.356,42.728,2708.3,74.725,120.41,0.34788,80.126,50.566,2636.9,26.38,50.47,3106.9,23.176,65.151,218.42,341.38,94.565,77.461
0.23126,3693.9,4447.2,9.4902,26.406,42.23,2711.4,74.009,120.39,0.33333,80.309,50.225,2640.5,25.501,48.685,3106.7,23.107,65.201,220.06,342.38,94.402,77.744
0.23359,3671.7,4435.8,9.494,26.904,42.175,2711.2,74.556,120.43,0.33802,80.23,52.96,2640.2,26.013,48.709,3107.7,22.319,65.319,222.06,342.41,94.551,77.438
0.24803,3689,4502,9.3266,26.612,42.417,2709.9,74.715,120.4,0.33117,80.021,49.933,2639,22.815,49.786,3107.1,22.656,65.374,222.47,342.19,94.432,77.459
0.25089,3685.1,4524.4,9.4968,26.594,42.243,2712.9,74.749,120.41,0.32699,80.228,50.526,2642.1,25.93,50.049,3109.2,22.397,65.436,229.19,342.9,94.35,77.516
0.26309,3707.8,4509,9.4734,26.986,42.084,2713.6,75.135,120.43,0.3201,80.094,49.796,2642.7,24.376,48.944,3110.6,22.267,65.499,227.61,342.73,94.377,77.48
0.26347,3727.2,4517.3,9.2807,27.084,42.582,2711.4,74.849,120.39,0.31648,79.906,48.475,2640.2,26.187,49.332,3109.6,23.061,65.527,229.57,342.91,94.265,77.09
0.28426,3694.9,4497.8,9.419,26.825,42.422,2713.8,75.231,120.41,0.33127,80.088,49.666,2643.1,23.57,49.621,3109.2,22.673,65.497,227.63,343.37,94.408,77.535
0.28388,3688.2,4512.4,9.3351,26.723,42.193,2712.3,74.512,120.41,0.33539,79.965,50.462,2641.4,26.67,50.923,3109.4,24.094,65.542,228.33,343.11,94.344,77.217
0.24145,3688.6,4497.4,9.3816,26.687,42.264,2711.6,75.559,120.38,0.35368,79.937,49.631,2641.1,25.839,50.645,3107.6,22.963,65.567,230.96,343.27,94.55,77.079
0.24133,3651.9,4477.6,9.3919,26.692,42.265,2711.8,75.299,120.38,0.35168,79.881,49.863,2640.9,24.073,51.445,3105.9,23.254,65.593,233.29,343.33,94.476,77.539
0.24059,3683.2,4507.6,9.5436,26.713,42.042,2714.5,75.261,120.43,0.3324,80.111,50.352,2644.4,24.226,49.979,3107.8,22.637,65.754,240.15,343.47,94.623,77.597
0.24021,3674.6,4528.6,9.5908,26.935,42.473,2713.4,76.341,120.38,0.33375,80.06,49.965,2642.5,25.615,48.066,3108.3,22.834,65.936,243.66,343.44,94.397,77.418
0.22617,3619.5,4455.3,9.4949,26.801,42.837,2714.2,74.92,120.41,0.34774,80.091,50.776,2644,25.879,49.553,3107.3,22.126,66.107,249.57,343.5,94.649,77.544
0.22728,3618.3,4529.2,9.3662,26.914,42.123,2712.9,74.551,120.35,0.35009,79.913,49.264,2641.5,23.671,49.199,3107,22.634,66.238,254.91,343.35,94.744,77.099
0.23962,3692.4,4511.7,9.3317,27.146,42.385,2713.8,73.668,120.42,0.32081,79.802,48.838,2643,25.474,47.742,3109.6,23.403,66.343,257.83,343.26,94.594,77.376
0.23812,3701.6,4509.3,9.4475,26.981,42.234,2715.5,74.617,120.4,0.31828,79.994,49.849,2645.4,26.175,51.173,3111.3,22.987,66.474,263.59,343.85,94.414,77.477
0.22779,3645.2,4509.3,9.4309,26.441,42.134,2716.7,74.307,120.41,0.33799,80.112,49.722,2646.4,24.929,51.269,3110.9,22.911,66.636,262.31,343.2,94.458,77.408
0.22596,3660.3,4439,9.2847,26.502,42.524,2714.4,74.828,120.38,0.34365,79.996,50.569,2643.8,24.649,48.549,3110.2,23.027,66.74,262.54,343.5,94.433,77.113
0.31476,3689.2,4507.3,9.4472,26.294,42.755,2713.5,75.53,120.4,0.33049,79.785,50.988,2642.6,24.714,50.315,3109.3,22.549,66.765,261.98,343.38,94.502,76.973
0.31308,3689.7,4494.8,9.4295,27.023,42.246,2715.9,74.888,120.43,0.32778,79.807,51.427,2645.7,25.193,48.16,3110.8,23.368,66.723,259.2,343.68,94.439,77.285
0.26807,3651.6,4568.5,9.419,26.744,42.494,2718.2,75.428,120.38,0.31961,79.991,48.77,2647,25.561,50.119,3112.4,22.648,66.68,254.25,343.74,94.43,77.563
0.27065,3667.4,4536.4,9.4985,26.895,42.271,2718.5,75.527,120.39,0.3173,79.856,49.853,2647.4,25.131,50.413,3113.1,22.831,66.599,250.67,343.97,94.618,77.226
0.19661,3684.9,4586.5,9.3787,26.841,42.221,2716.1,75.412,120.37,0.35211,79.7,50.405,2644.4,24.255,49.141,3110.1,22.858,66.441,242.31,343.98,94.646,77.043
0.19414,3596.5,4606.7,9.356,26.706,42.113,2712.9,75.077,120.4,0.34893,79.558,49.821,2642.8,25.262,50.166,3107.1,22.285,66.19,235.31,344.17,94.788,77.045
0.24502,3631.5,4596.4,9.2876,26.608,42.088,2715.8,75.691,120.39,0.32027,79.739,49.781,2646,24.925,49.97,3110,24.145,65.974,233.2,343.75,94.599,77.455
0.24463,3629.1,4572.7,9.3368,27.064,42.078,2719,76.297,120.4,0.32295,80.077,49.397,2648.3,25.702,49.18,3113.7,22.108,65.841,226.35,342.64,94.641,77.771
0.25748,3680.8,4510.2,9.2396,26.705,42.135,2717.5,76.081,120.4,0.33457,80.041,48.285,2646.9,25.823,47.961,3112.7,22.715,65.7,221.47,342.84,94.488,77.149
0.25834,3686.5,4512.4,9.3426,26.65,42.335,2715.4,75.228,120.41,0.32858,79.924,50.693,2645,24.006,51.927,3109.3,22.215,65.559,218.21,343.13,94.624,77.297
0.20916,3609.8,4583.6,9.2178,26.868,42.525,2711.9,75.86,120.38,0.32772,79.763,49.435,2640.2,27.735,48.534,3106.1,23.125,65.437,220.14,342.76,94.612,76.69
0.21227,3622.6,4532.3,9.162,26.988,42.74,2709.4,76.126,120.36,0.32481,79.69,49.725,2638.2,24.671,52.476,3104.9,24.565,65.294,216.7,342.56,94.923,77.084
0.25505,3697.5,4538.6,9.3543,27.096,42.523,2708.5,74.802,120.42,0.33765,79.728,47.951,2636.9,27.274,51.331,3105,23.144,65.221,215.82,341.89,94.645,77.051
0.25174,3692.7,4539.5,9.3673,26.875,42.344,2708.9,75.203,120.4,0.33271,79.937,50.438,2637.5,24.416,48.354,3105.8,22.734,65.225,218.91,341.61,94.66,77.288
0.24094,3670.5,4458.8,9.2233,27.19,42.284,2707.2,76.257,120.43,0.30737,79.886,50.46,2636.7,23.138,49.386,3104.2,22.561,65.25,220.83,340.96,94.473,77.135
0.23989,3680.7,4484.7,9.3304,26.837,41.934,2706.7,74.847,120.38,0.30449,80.001,49.142,2636.7,24.277,47.668,3102.9,23.472,65.292,221.43,341.37,94.669,77.351
0.22831,3726.2,4532.6,9.3602,26.987,42.222,2703.7,75.949,120.42,0.34996,79.963,49.837,2631.8,25.162,49.655,3103.1,23.039,65.346,221.15,340.55,94.61,77.337
0.22784,3727.1,4559.2,9.2803,26.698,42.484,2702.4,75.447,120.42,0.34942,80.157,50.035,2631.2,24.54,49.018,3101.5,23.382,65.403,222.72,340.32,94.424,76.954
0.23214,3660.4,4515.7,9.1675,26.69,42.455,2699,74.921,120.41,0.31749,79.95,49.551,2627.4,25.129,50.799,3098.2,22.563,65.453,224.14,339.94,94.746,77.073
0.23088,3687.2,4528.9,9.3078,26.464,42.215,2700,75.307,120.38,0.31777,80.184,50.44,2629.1,26.647,50.804,3096.7,23.992,65.496,227.33,339.63,94.536,77.365
0.21154,3661.8,4513.1,9.0989,26.857,41.976,2700,76.552,120.4,0.31572,80.402,50.31,2628.4,24.389,50.243,3096.8,22.345,65.634,224.96,339.41,94.614,77.254
0.21042,3694.4,4523.4,9.1652,27.169,41.89,2696.2,75.839,120.4,0.31241,80.279,52.79,2624.6,25.61,49.152,3094.9,22.893,65.699,226.29,338.63,94.678,76.785
0.25079,3648.5,4553.9,9.2108,27.029,42.165,2692.2,75.815,120.37,0.36065,80.133,48.622,2619.2,27.265,49.393,3093,22.414,65.715,230.95,338.12,94.696,77.026
0.25156,3664.2,4560.4,9.2594,26.805,42.308,2690.8,75.572,120.4,0.36155,80.054,49.725,2617.9,25.333,50.615,3091.2,21.982,65.764,230.13,337.8,94.869,77.154
0.262,3637.9,4491.1,9.2328,27.085,42.335,2691.1,75.044,120.36,0.33108,80.222,49.025,2618.6,25.676,51.467,3091.6,24.175,65.799,231.9,337.46,94.823,77.201
0.25971,3636.1,4514.7,9.2047,26.8,42.259,2693.7,75.84,120.39,0.33334,80.457,51.241,2622.1,23.278,50.695,3093.4,23.202,65.912,233.4,337.7,94.866,77.263
0.22381,3672,4505,9.1917,26.903,42.323,2692.4,75.257,120.41,0.33555,80.405,48.243,2620.4,23.597,47.862,3093.3,22.744,65.966,232.51,337.29,94.771,77.406
0.22153,3622.7,4492.5,9.3814,26.971,42.383,2691.1,75.677,120.4,0.33661,80.231,51.33,2619.1,24.087,49.325,3092.3,23.614,65.969,228.83,337.23,94.964,77.252
0.27998,3655.4,4530.2,9.3048,26.536,42.029,2693.7,75.405,120.42,0.33538,80.425,49.277,2621.6,27.174,50.175,3094.3,22.514,65.91,228.76,336.73,94.663,77.362
0.28154,3674.2,4493.7,9.2106,26.865,42.358,2693.5,74.396,120.4,0.33394,80.48,47.25,2621.8,26.177,49.01,3095.3,23.226,65.903,226.71,336.9,94.761,77.331
0.29603,3699.3,4442.4,9.2743,26.963,42.075,2693,74.89,120.43,0.34041,80.471,50.987,2621.2,24.104,49.821,3095.6,23.902,65.843,222.29,336.94,94.539,77.058
0.2981,3706.7,4455.4,9.244,27.085,42.567,2690.4,75.667,120.41,0.3383,80.306,48.323,2617.5,25.77,49.023,3094.1,23.802,65.701,215.57,336.43,94.701,77.428
0.32452,3649.7,4504.9,9.2675,26.822,42.17,2692.6,75.406,120.43,0.34454,80.586,50.412,2620.1,24.871,51.249,3094.8,24.033,65.589,214.89,336.85,94.517,77.541
0.32564,3645.6,4493.5,9.4026,26.981,42.511,2693.6,74.298,120.37,0.34184,80.693,50.438,2621.6,24.483,50.574,3095.4,23.484,65.532,210.9,337,94.833,77.347
0.3009,3674.1,4504.8,9.3062,26.794,42.533,2691.6,76.072,120.4,0.35216,80.473,50.187,2619.3,23.887,49.257,3094.5,22.51,65.398,204.71,337.29,94.591,77.427
0.30275,3678.2,4506.2,9.2191,26.713,42.065,2692.2,74.959,120.41,0.3521,80.507,49.143,2620,25.577,50.781,3093.2,23.162,65.24,202.21,337.62,94.779,77.032
0.24852,3638.6,4415.1,9.2055,26.781,42.171,2691.4,75.713,120.4,0.33173,80.456,51.04,2619.2,24.051,50.271,3090.3,23.258,65.088,199.4,337.7,94.735,77.093
0.24826,3658,4483.4,9.4375,27.004,42.677,2689.3,74.683,120.39,0.33423,80.426,49.574,2616.7,24.071,48.331,3089.5,23.357,64.913,196.32,338.2,94.872,77
0.31822,3630.9,4441.1,9.4445,26.413,42.414,2689.6,74.565,120.39,0.32836,80.326,50.073,2617.2,24.233,49.025,3090.3,23.091,64.739,193.59,337.8,94.813,77.148
0.31748,3600.4,4442.4,9.3365,27.155,42.198,2691.9,75.041,120.39,0.32616,80.331,50.262,2619.2,24.228,50.936,3091.6,23.477,64.606,193.05,338.57,94.786,77.3
0.31769,3667.6,4515.9,9.3243,26.862,42.095,2693.1,74.725,120.39,0.36401,80.327,48.859,2620.7,25.929,49.487,3093,23.006,64.526,192.77,338.74,94.824,77.285
0.31859,3675.8,4539.5,9.3629,26.966,42.18,2695.6,74.309,120.43,0.36104,80.41,50.603,2622.7,24.868,48.403,3094.7,22.986,64.557,203.12,339.44,94.802,77.497
0.30941,3595.3,4419.6,9.4193,27.04,42.25,2696.9,74.799,120.43,0.34399,80.445,49.891,2624.2,26.84,50.087,3095.5,23.161,64.714,212.32,339.74,94.67,77.391
0.30787,3615.6,4478.5,9.2899,26.913,42.028,2698.7,73.402,120.4,0.34372,80.457,49.112,2627,24.804,50.532,3096.3,23.155,65.004,224.74,340.14,94.749,77.386
0.30656,3656.8,4471,9.4258,26.696,41.973,2700.6,74.23,120.45,0.34603,80.479,52.478,2628.6,26.438,50.629,3099.1,22.321,65.288,236.48,340.42,94.512,77.632
0.30791,3670.7,4485.8,9.5151,27.2,42.682,2700.7,73.644,120.41,0.34367,80.456,49.959,2629.7,24.453,50.122,3100.4,21.969,65.686,244.62,341.11,94.598,77.557
0.2694,3707.1,4455.2,9.3777,27.089,42.809,2701.5,74.061,120.41,0.35044,80.425,52.13,2630.7,24.775,51.218,3099.3,23.814,66.004,252.08,341.74,94.302,77.487
0.26701,3714.4,4440.1,9.4092,26.737,42.263,2701.1,75.027,120.43,0.34989,80.465,50.562,2629.7,25.055,50.78,3098.2,22.224,66.328,256.95,341.08,94.343,77.444
0.27415,3731.5,4394.4,9.407,26.82,42.112,2699.7,73.871,120.39,0.35317,80.457,49.979,2628.2,24.78,51.898,3097.5,23.101,66.543,256.82,341.05,94.284,77.189
0.27367,3710.7,4466.1,9.4632,26.92,42.551,2698.4,73.789,120.43,0.35459,80.395,48.828,2626.7,25.046,49.288,3096,21.563,66.682,255.91,341.66,94.438,77.565
0.25717,3698,4447.7,9.4044,27.129,42.274,2695.7,74.437,120.38,0.33047,80.204,49.123,2624.3,24.852,47.982,3094.3,22.609,66.718,253.34,341.97,94.378,77.275
0.25919,3663.7,4443.6,9.3417,26.91,42.509,2695.5,75.262,120.41,0.3339,80.125,47.813,2624.8,24.452,51.052,3092.3,22.574,66.677,252.76,341.79,94.557,77.233
0.272,3682.3,4467.6,9.3832,27.023,42.405,2695.7,75.083,120.38,0.33593,80.002,49.042,2624.2,26.982,49.369,3093.1,22.717,66.604,248.63,342.36,94.424,77.229
0.2749,3674.3,4500.7,9.4537,26.61,42.639,2696.8,74.478,120.41,0.33661,80.027,50.922,2625.6,26.567,51.32,3092.7,22.44,66.504,245.87,342.58,94.604,77.189
0.2695,3670.5,4493.3,9.5056,26.451,41.958,2699.3,74.701,120.41,0.37119,80.357,49.593,2628.6,23.102,49.596,3094.8,23.339,66.429,243.15,342.83,94.506,78.2
0.27245,3648.8,4492.4,9.372,26.862,42.06,2700.5,74.877,120.4,0.36929,80.485,51.462,2629.9,26.073,49.296,3096.8,21.74,66.422,239.52,342.87,94.524,77.422
0.24628,3661.3,4520,9.4762,26.763,42.307,2699.5,74.213,120.37,0.33777,80.216,49.45,2628.8,25.031,50.266,3095.1,23.027,66.323,236.49,343.03,94.619,77.624
0.24678,3609.7,4529.9,9.3198,26.695,42.413,2702.4,74.358,120.39,0.33347,80.205,50.244,2630.7,24.864,49.713,3097,23.356,66.182,232.45,343.74,94.629,77.463
0.30138,3668.2,4466.6,9.4431,27.137,42.659,2703.5,75.081,120.37,0.3521,80.166,50.234,2632.3,25.236,48.705,3098.7,22.701,66.054,230.47,343.65,94.52,77.469
0.30278,3666.2,4487.2,9.4765,26.883,42.6,2703.6,75.211,120.41,0.35846,80.126,48.493,2632.6,25.519,50.177,3100,22.293,65.919,229.71,343.75,94.485,77.635
0.24883,3629.6,4498.8,9.4323,26.482,42.125,2707.2,75.312,120.4,0.3115,80.254,51.764,2637.2,23.335,50.504,3100.4,23.346,65.87,228.08,344.38,94.422,77.667
0.25232,3718.8,4456.7,9.4655,27.002,42.513,2707.6,74.722,120.42,0.31344,80.306,48.965,2637.5,26.089,51.067,3102.7,22.759,65.843,231.28,344.17,94.531,77.5
0.24271,3698.4,4505.2,9.4787,26.805,42.255,2706.6,74.529,120.42,0.32244,80.128,50.638,2636.7,24.976,49.213,3101.6,22.534,65.885,238.32,343.84,94.378,77.077
0.24128,3706.7,4570.9,9.3551,26.867,42.35,2706,74.832,120.4,0.32024,79.913,49.936,2636.2,26.709,50.678,3099.1,23.083,65.907,244.38,344.75,94.397,77.098
0.28296,3686,4547.3,9.5887,26.729,42.405,2707.3,74.442,120.38,0.33726,80.02,50.723,2636.9,24.384,50.205,3101.4,23.952,66.041,246.83,344.67,94.309,77.678
0.28447,3672.4,4569,9.3448,26.703,42.545,2710.3,74.86,120.41,0.33808,80.419,48.894,2640.3,23.776,49.636,3104.6,23.124,66.259,249.03,344.41,94.296,77.882
0.25398,3652.5,4599.8,9.269,26.827,42.743,2706.5,74.937,120.39,0.322,80.097,47.741,2635.5,24.303,48.323,3102.5,22.292,66.404,244.79,344.2,94.373,76.972
0.25444,3640.2,4546.2,9.384,26.959,42.351,2704.2,74.906,120.39,0.3212,79.734,51.084,2633.9,25.623,49.839,3098.3,23.243,66.292,240.03,345.1,94.594,76.958
0.20659,3654.5,4470.1,9.3745,26.763,42.401,2702.2,75.783,120.35,0.36046,79.633,50.001,2632.1,27.299,50.616,3094.6,23.544,66.054,233.12,344.62,94.636,76.801
0.21005,3665,4552.7,9.4194,27.342,42.258,2703,75.449,120.39,0.36063,79.756,49.693,2632.7,24.959,48.288,3095.4,22.638,65.82,226.43,344.65,94.619,77.329
0.24897,3713.9,4452.8,9.375,26.667,42.172,2703.8,75.061,120.42,0.3436,79.878,50.502,2633.5,25.935,50.376,3096.6,24.673,65.698,229.06,344.62,94.653,77.189
0.2496,3711.3,4462,9.2279,26.964,42.337,2705,75.436,120.42,0.34484,80.168,49.725,2634.5,24.194,50.384,3098.5,23.402,65.674,227.17,344.22,94.26,77.601
0.20218,3633.1,4542.1,9.5389,26.78,42.744,2704.4,74.435,120.4,0.34194,80.231,49.874,2634.3,24.621,48.846,3097.5,21.921,65.741,230.4,344.42,94.618,77.673
0.20599,3647.1,4571.3,9.367,27.184,42.379,2704.1,74.909,120.39,0.33903,80.213,50.277,2633.3,23.274,50.239,3097.6,21.861,65.81,233.02,343.74,94.518,77.258
0.18466,3665.6,4478.7,9.3841,26.771,41.73,2702.8,75.13,120.4,0.31548,80.041,49.772,2632.1,26.269,49.666,3096.6,22.523,65.86,235.59,344.16,94.629,77.345
0.18592,3679.6,4479.9,9.4842,27.036,42.221,2702.5,75.146,120.4,0.31279,80.003,50.2,2631.6,24.522,48.193,3096.8,22.486,65.913,237.68,343.68,94.675,76.852
0.21475,3652.8,4451.4,9.3505,26.905,42.082,2701.5,74.017,120.39,0.33244,79.874,49.875,2630.7,24.629,50.574,3095.2,24.365,65.961,242.33,343.8,94.626,77.367
0.21625,3670.8,4449,9.3848,26.752,42.453,2704.2,75.108,120.4,0.33649,80.081,49.651,2633.5,24.142,50.446,3098.3,23.182,66.051,245.35,343.5,94.622,77.12
0.23269,3614.2,4517.7,9.3448,26.927,42.27,2706.3,74.901,120.4,0.31478,80.193,51.292,2635.8,24.762,49.056,3100.7,23.453,66.18,247.48,343.75,94.523,77.908
0.23014,3649.6,4540.9,9.3369,26.904,42.421,2711.1,75.906,120.4,0.31569,80.456,50.085,2640.2,26.453,50.328,3104.3,22.54,66.354,251.45,343.5,94.552,77.465
0.21812,3707.8,4510.2,9.3647,26.44,42.205,2708.9,74.545,120.39,0.32252,80.27,50.598,2638.1,25.192,49.781,3105.6,22.067,66.458,252.16,343.09,94.399,77.248
0.21975,3696.2,4561,9.3954,26.883,42.277,2707.1,74.21,120.42,0.32185,80.094,50.482,2636.2,26.15,49.657,3103.7,22.954,66.519,252.19,343.2,94.491,77.202
0.22279,3676.5,4515.7,9.3273,27.003,42.384,2705.6,75.742,120.42,0.33094,79.985,50.91,2634.6,23.448,49.271,3101.8,23.28,66.559,253.78,343.1,94.557,77.447
0.22336,3659.5,4561,9.3199,27,42.093,2706.2,74.802,120.39,0.32773,80.066,48.887,2635.6,24.803,50.293,3101.1,23.614,66.637,254.38,343.06,94.608,77.131
0.20872,3624.4,4498.7,9.2563,26.959,42.185,2705.4,74.636,120.4,0.32832,80.043,50.273,2634.6,24.564,50.475,3101.1,23.426,66.662,254.75,342.5,94.559,77.087
0.20714,3645.2,4533.1,9.3391,26.568,42.17,2704.4,75.467,120.39,0.32783,79.946,48.769,2633.6,24.633,51.633,3099.8,23.981,66.669,254.41,342.62,94.715,77.196
0.21619,3674.3,4541.1,9.4099,26.81,42.318,2706.3,75.519,120.4,0.31278,80.199,49.294,2635.8,26.42,50.805,3102,22.5,66.664,254.95,342.39,94.569,77.316
0.21499,3688.9,4504.3,9.3458,26.845,42.066,2705.4,74.962,120.39,0.31226,80.077,51.011,2634.7,24.16,50.255,3102,22.486,66.656,246.83,342.44,94.603,77.087
0.21556,3640.2,4504.6,9.2904,26.668,41.963,2705,75.078,120.39,0.33084,80.093,49.513,2633.4,26.998,50.214,3100.2,23.903,66.553,243.58,342.39,94.648,77.142
0.21666,3656,4507.7,9.373,26.972,42.292,2705,74.816,120.38,0.32826,80.141,48.221,2634,23.718,49.555,3101,23.137,66.402,238.67,341.58,94.674,77.243
0.24387,3682.2,4519,9.3338,26.83,42.238,2704.5,75.873,120.4,0.33241,80.051,51.38,2633.2,25.165,48.718,3102.4,22.397,66.251,230.85,341.88,94.552,77.193
0.24397,3705.9,4534.5,9.4011,26.873,42.332,2704.1,75.018,120.4,0.33001,80.078,49.124,2632.9,25.539,50.044,3100.8,22.703,66.06,225.83,341.25,94.63,77.354
0.21904,3662.9,4512.6,9.2629,26.777,42.356,2703.7,75.029,120.4,0.34709,80.148,51.254,2632.1,23.64,50.038,3099.1,23.071,65.858,221.81,341.69,94.538,77.269
0.21378,3657.1,4508.4,9.2662,26.903,42.538,2701.9,74.455,120.37,0.3489,80.169,49.757,2630.6,23.967,50.614,3099.3,22.372,65.679,215.3,341.56,94.737,77.148
0.27903,3636.3,4485.9,9.1951,26.807,41.992,2700.8,74.927,120.38,0.31654,79.94,49.164,2629.8,24.402,49.369,3098.4,23.931,65.484,213.76,340.97,94.729,77.112
0.27947,3614.8,4507.1,9.3068,26.757,42.403,2703.4,74.923,120.38,0.3164,80.081,50.712,2633,23.427,49.138,3099.5,23.628,65.273,207.89,341.55,94.756,77.106
0.27127,3661.4,4440.8,9.3285,27.143,42.335,2702.9,74.524,120.4,0.33247,79.982,50.709,2631.8,25.927,49.062,3100.5,23.757,65.136,207.29,341.29,94.731,77.21
0.27177,3662.1,4537.6,9.4568,26.811,41.967,2706,75.279,120.39,0.33176,80.248,51.172,2634.5,24.32,50.532,3102.5,23.063,65.07,208.25,341.12,94.498,77.789
0.25983,3650,4535.5,9.325,27.168,42.13,2706.8,76.301,120.4,0.32332,80.301,49.87,2635.5,25.614,48.873,3103.3,23.428,65.077,208.28,341.41,94.711,77.156
0.26053,3646.8,4546.1,9.3413,26.692,41.948,2705.8,74.664,120.37,0.32343,80.083,49.457,2634.9,24.891,48.792,3102.5,24.057,65.003,208.66,341.75,94.644,77.228
0.21086,3693,4480.6,9.3013,26.599,42.283,2705.6,74.985,120.41,0.33898,80.204,49.514,2634.4,25.24,49.02,3103.1,22.913,65.01,210.39,341.57,94.758,77.583
0.20784,3710.6,4471.5,9.2562,27.21,42.313,2703.5,75.421,120.4,0.33979,80.211,49.38,2631.1,24.16,49.044,3101.7,21.32,65.021,211,340.82,94.373,77.361
0.26469,3662.9,4447.9,9.2694,26.901,42.225,2703,75.115,120.42,0.32749,80.102,49.891,2631.5,24.335,51.222,3098.9,22.401,65.034,214.3,341.59,94.637,77.295
0.26137,3688.3,4464.7,9.3283,27.065,42.391,2700.7,74.935,120.41,0.32754,80.043,50.315,2628.9,26.126,49.901,3099.3,24.105,65.051,212.02,340.9,94.515,77.037
0.21331,3726.3,4458.5,9.3527,26.876,42.37,2701.4,75.316,120.4,0.32491,80.171,50.265,2630.5,26.614,49.617,3097.9,22.392,65.107,213.62,341.06,94.672,77.237
0.21432,3729.2,4512.8,9.4679,27.236,42.919,2700.8,76.098,120.4,0.32395,80.245,49.028,2628.4,22.859,50.01,3098.1,23.049,65.17,218.07,340.53,94.438,77.422
0.23718,3653.3,4481.9,9.3697,26.784,42.054,2699.9,74.907,120.38,0.33523,80.19,49.676,2627.4,24.394,49.714,3097.1,22.596,65.23,217.13,340.41,94.805,77.146
0.2374,3617,4536.1,9.2105,26.869,42.272,2698.9,74.09,120.37,0.33485,80.036,50.89,2626.9,25.133,50.788,3096.2,23.887,65.258,219.14,340.58,94.736,76.953
0.25662,3689.4,4468.4,9.3554,27.015,42.288,2702,74.561,120.38,0.33436,80.2,50.069,2630.2,25.871,51.023,3099,22.957,65.283,219.06,340.49,94.63,77.394
0.25619,3699.2,4471.5,9.3335,26.985,41.971,2704.3,75.76,120.44,0.33634,80.428,50.326,2633.4,26.37,50.692,3102.2,22.482,65.342,218.13,340.39,94.712,77.574
0.24414,3692.3,4510.2,9.3072,26.621,42.666,2700.3,75.975,120.37,0.3545,80.168,49.47,2629.2,26.743,49.204,3099.8,23.745,65.387,219.97,340.34,94.479,76.985
0.24424,3661.2,4521.2,9.3212,27.084,42.652,2700.4,74.751,120.41,0.35256,80.096,51.594,2628.9,25.82,49.16,3098.9,22.951,65.315,218.16,340.28,94.75,77.447
0.22178,3646.2,4421.4,9.3201,26.51,42.629,2700.2,75.343,120.38,0.32785,80.183,49.842,2628.5,24.56,51.729,3099.3,22.946,65.309,217.19,340.32,94.653,77.317
0.22006,3637.1,4446.8,9.3156,27.081,42.375,2702.2,75.156,120.43,0.32486,80.264,50.162,2630.9,25.874,48.305,3098.7,23.46,65.249,213.73,340.65,94.554,77.323
0.27455,3675.3,4507.7,9.2862,27.118,42.627,2702.3,74.727,120.4,0.34082,80.241,51.192,2630.3,25.428,49.475,3101.1,22.78,65.226,213.53,340.32,94.625,77.224
0.27219,3687.7,4513.7,9.2195,27.169,42.076,2701.6,75.209,120.42,0.33862,80.198,50.532,2631.8,26.026,48.473,3100.2,22.956,65.15,210.65,340.46,94.437,77.196
0.28808,3628.5,4456.9,9.3083,26.775,42.476,2702.4,75.267,120.37,0.35512,80.184,51.803,2630,25.611,50.208,3101.4,23.56,65.091,209.11,339.96,94.662,77.152
0.28899,3627.1,4504.7,9.5278,26.388,42.301,2703.3,74.63,120.4,0.35608,80.105,48.775,2632,24.256,50.277,3100,22.476,65.01,206.77,340.85,94.749,77.303
0.20056,3667.5,4477.9,9.5179,26.888,42.089,2704.9,75.862,120.4,0.32824,80.219,50.082,2634.2,25.421,48.692,3100.1,23.24,64.959,206.63,341.26,94.723,77.82
0.20195,3662.4,4490.5,9.2863,26.774,42.451,2707.3,74.668,120.44,0.32671,80.468,49.441,2636.6,25.452,50.22,3103.7,22.884,64.995,208.65,341.54,94.631,77.323
0.21734,3657.1,4432.5,9.4415,26.853,42.315,2705.9,74.671,120.4,0.33502,80.342,51.024,2635.5,24.124,48.778,3103.6,24.065,64.986,207.26,341.21,94.644,77.346
0.21771,3654,4461.9,9.3725,26.822,42.346,2703.6,74.895,120.41,0.33166,80.075,48.975,2631.6,22.697,48.248,3101.9,22.956,64.951,208.93,340.7,94.536,76.879
0.25195,3655.1,4483.2,9.3829,26.896,42.053,2702.3,74.776,120.39,0.36181,79.862,50.246,2630.5,25.099,48.682,3100.9,23.951,64.847,207.68,341.12,94.817,77.171
0.25452,3636.3,4501.3,9.5512,26.594,42.422,2704.7,74.432,120.4,0.36576,80.058,48.581,2633.2,23.686,50.983,3101.8,23.287,64.784,207.31,341.33,94.582,77.626
0.25245,3656.6,4517.8,9.4464,26.778,42.77,2707.6,73.922,120.39,0.34253,80.193,50.357,2636.8,25.061,50.136,3105.4,23.515,64.829,207.75,341.31,94.655,77.507
0.24975,3650.2,4547.1,9.4563,26.817,42.438,2709.9,74.771,120.39,0.33941,80.267,49.842,2638.8,25.99,49.771,3108.2,22.885,64.861,208.58,341.67,94.577,77.53
0.27209,3631.5,4532.8,9.3515,26.876,42.492,2711,74.417,120.42,0.33971,80.246,49.193,2639.9,24.139,50.873,3109.6,23.381,64.871,209.37,341.48,94.458,77.797
0.27161,3666,4528.5,9.4461,26.896,42.383,2711.4,74.564,120.39,0.33597,80.107,51.081,2640.4,25.567,50.281,3109.5,22.782,64.912,206.71,341.66,94.508,77.127
0.24166,3629.4,4480.3,9.3936,26.701,42.454,2710.8,74.579,120.41,0.3612,79.979,50.856,2639.7,25.594,49.026,3107.7,23.438,64.884,210.04,341.92,94.627,77.375
0.24332,3620.3,4484.2,9.3233,26.844,42.431,2711.8,74.236,120.4,0.36163,80.01,50.264,2640.8,26.281,48.81,3106.6,23.969,64.845,210.48,342.6,94.539,77.255
0.28277,3685.9,4509.1,9.5594,27.115,42.183,2713.2,75.157,120.38,0.34346,80.029,49.496,2641.5,22.421,50.063,3110.4,23.388,64.843,210.28,342.02,94.515,77.306
0.28086,3701.4,4453.8,9.2706,26.762,42.546,2715,74.702,120.42,0.34054,80.056,49.861,2643.6,24.602,50.505,3110.4,23.028,64.85,208.95,342.93,94.339,77.534
0.24388,3698.6,4428.1,9.4081,27.159,42.135,2714.7,74.375,120.4,0.35872,80.153,50.119,2644.3,23.583,50.339,3109.6,22.016,64.896,208.27,342.96,94.484,77.708
0.24136,3661.9,4503.9,9.3979,26.702,42.327,2712.9,74.045,120.41,0.35597,79.968,52.081,2641.9,24.916,48.538,3108.9,22.611,64.924,209.9,342.7,94.562,77.069
0.22532,3689.8,4523.9,9.4159,27.101,42.271,2711.7,74.15,120.4,0.32593,79.733,50.366,2639.9,26.901,51.592,3108.4,22.992,64.862,209.4,342.72,94.565,77.07
0.22725,3708.9,4575.6,9.4667,26.772,42.408,2715,75.392,120.39,0.3296,79.964,50.218,2644.9,24.267,48.827,3110.4,23.788,64.808,210.52,343.09,94.479,77.528
0.26612,3685.3,4503.9,9.3678,26.802,42.568,2717.5,74.857,120.42,0.31127,80.07,48.33,2646.7,25.129,48.791,3113,22.137,64.868,210.37,343.41,94.477,77.519
0.26693,3684.3,4486.5,9.3165,26.725,42.539,2717,75.34,120.41,0.31023,80.015,46.976,2647.2,23.5,49.451,3113.3,22.922,64.889,212.48,343.29,94.467,77.313
0.22605,3624.5,4500.1,9.3918,26.878,42.422,2713.9,75.077,120.39,0.35525,79.784,50.062,2642.5,25.205,48.042,3110,22.156,64.879,212.55,343.27,94.425,77.06
0.22953,3637.6,4466,9.4019,26.494,42.302,2715,74.419,120.36,0.35522,79.646,49.067,2644.1,23.363,49.896,3107.9,24.025,64.825,210.77,343.59,94.701,77.526
0.23131,3652,4529.9,9.2713,26.977,42.299,2717.8,75.299,120.38,0.32141,79.855,49.503,2647.5,25.451,48.293,3110.7,22.633,64.792,206.97,343.73,94.549,77.396
0.2276,3667.8,4486.5,9.4913,27.361,42.286,2717.6,74.135,120.37,0.3212,79.791,49.328,2646.5,26.644,49.049,3112.7,22.683,64.71,202.03,343.56,94.735,77.335
0.21548,3621.1,4479.6,9.4541,26.953,42.196,2719.2,74.627,120.39,0.34288,79.924,51.95,2648.9,26.648,49.505,3111.7,23.554,64.638,203.66,344,94.521,77.592
0.22049,3643.1,4462,9.3459,27.034,42.189,2722,75.401,120.39,0.3485,80.148,51.431,2651,23.698,48.52,3114.6,23.487,64.666,204.4,344.21,94.749,77.628
0.21953,3672.6,4540.9,9.4284,27.081,42.223,2721.5,75.287,120.4,0.32359,80,52.023,2650.5,25.244,51.103,3115.5,22.721,64.708,205.53,344.26,94.552,77.313
0.22065,3673.6,4530,9.3605,26.847,41.994,2721.1,73.194,120.41,0.32768,79.79,49.399,2650.8,23.702,48.098,3114.2,22.48,64.728,208.68,344.12,94.564,77.042
0.24197,3685.1,4551.7,9.3703,26.731,42.295,2719.6,74.067,120.41,0.33649,79.488,51.373,2648.7,24.961,49.787,3113.8,22.252,64.652,211.77,344.03,94.607,76.832
0.24184,3675.8,4599.1,9.3234,26.883,42.294,2721.1,75.277,120.38,0.33665,79.526,51.565,2650.8,23.849,49.518,3115,22.673,64.596,212.06,344.38,94.7,77.189
0.20507,3668.9,4522.2,9.4865,26.662,42.542,2723.6,75.99,120.41,0.32301,79.64,49.631,2653.7,24.992,51.758,3115.4,23.302,64.608,214.35,344.58,94.538,77.272
0.20138,3645.5,4523.1,9.4144,26.953,42.519,2723.8,75.801,120.4,0.3186,79.703,47.12,2653.5,26.753,48.923,3116.9,23.067,64.72,214.31,344.55,94.592,77.317
0.25146,3732.4,4504.8,9.3363,27.064,42.035,2724.5,75.099,120.42,0.33362,79.71,50.805,2654.1,24.38,51.579,3119.3,22.666,64.8,217,344.22,94.436,77.094
0.252,3678.6,4543.6,9.407,27.275,42.208,2723.6,76.37,120.42,0.33583,79.583,49.573,2653.1,24.485,49.251,3117.6,23.876,64.847,217.13,344.03,94.352,76.988
0.2454,3686.5,4558.1,9.4252,27.028,42.283,2722,74.751,120.4,0.31153,79.502,51.212,2651.6,25.608,50.925,3117.3,24.319,64.891,217.84,344.33,94.395,77.016
0.24451,3696.1,4584.8,9.364,26.688,42.191,2725.7,74.474,120.42,0.3119,79.866,50.063,2655.5,25.501,49.396,3119.9,22.879,64.963,221.84,344.08,94.413,77.448
0.24304,3700.8,4575,9.4377,27.038,42.479,2723.8,74.509,120.42,0.35128,79.782,49.742,2653.6,25.103,50.674,3119.9,22.87,65.043,220.91,343.76,94.394,77.401
0.24226,3686.7,4533.9,9.4268,26.896,42.648,2723.3,74.779,120.41,0.34591,79.849,49.694,2653.1,25.358,49.461,3118.9,23.318,65.12,220.31,343.8,94.43,77.438
0.24102,3663.3,4551.9,9.4032,26.675,42.021,2723.1,76.149,120.38,0.30746,79.927,48.883,2652.8,23.575,49.423,3116.7,22.781,65.204,219.17,343.89,94.433,76.989
0.23903,3628.9,4497.3,9.2701,27.172,42.279,2718.8,75.312,120.39,0.30927,79.471,48.338,2646.6,26.937,50.44,3113.6,23.505,65.207,222.91,343.28,94.594,76.605
0.20572,3647.9,4575.7,9.4544,26.657,42.592,2717.1,76.31,120.38,0.32208,79.45,49.285,2646.6,25.167,48.897,3111.2,23.706,65.133,223.18,343.55,94.577,77.19
0.20826,3612.4,4606.4,9.3867,27.007,42.171,2717.9,75.446,120.37,0.32215,79.455,49.852,2646.4,24.864,51.126,3111.7,22.904,65.111,222.7,343.1,94.713,76.787
0.2013,3681.2,4519.4,9.222,26.749,42.198,2718.3,75.081,120.39,0.31979,79.587,49.249,2647.4,23.859,49.221,3111.6,21.72,65.13,223.48,343,94.751,77.251
0.20256,3639.3,4537.7,9.2742,26.953,42.111,2717.7,75.218,120.4,0.31746,79.602,49.928,2646.8,24.009,50.422,3112.2,22.693,65.158,228.78,342.65,94.665,76.94
0.22359,3633.2,4583.4,9.3661,26.972,41.821,2716.9,74.845,120.41,0.31891,79.551,51.569,2646,25.565,48.813,3112.5,22.205,65.221,230.28,342.15,94.783,77.175
0.2221,3679.5,4539.7,9.2374,26.761,42.159,2719.4,75.471,120.4,0.31769,79.824,50.102,2649,27.4,49.661,3113.8,22.943,65.349,234.88,341.73,94.599,77.399
0.21516,3683.8,4478,9.2704,26.789,42.164,2720,74.531,120.41,0.3325,80.051,50.744,2648.5,25.618,51.229,3115.5,23.885,65.54,237.63,341.5,94.665,77.477
0.21449,3706.3,4466.1,9.4631,27.064,41.725,2717.5,74.835,120.39,0.33546,80.047,50.73,2646.1,22.233,47.048,3114.9,23.34,65.736,241.94,340.91,94.438,77.384
0.23875,3671.2,4475,9.2654,27.106,41.959,2715.1,75.954,120.41,0.32423,79.823,49.168,2643.4,26.116,49.183,3112.5,23.93,65.903,242.81,341.39,94.803,76.856
0.24041,3652.4,4440.4,9.1724,26.836,42.043,2712.6,74.281,120.38,0.32288,79.763,51.724,2641.6,24.912,50.331,3109.7,22.741,65.978,246.21,341.23,94.567,77.086
0.26472,3724.5,4502.6,9.3193,26.794,42.302,2712.9,75.268,120.4,0.32154,79.884,49.119,2642.5,25.498,51.503,3110.7,22.62,66.094,247.89,340.43,94.599,77.073
0.26525,3757.9,4499.5,9.2289,27.354,42.24,2710.6,76.067,120.42,0.32376,79.86,50.619,2638.8,27.48,48.715,3110,22.796,66.201,250.31,340.08,94.499,76.956
0.26829,3645.2,4545.6,9.1201,27.188,42.347,2707.5,76.294,120.39,0.33505,79.696,49.336,2635.7,25.614,50.914,3106.2,23.026,66.274,252.29,340.63,94.65,76.374
0.26793,3648.2,4526,9.4037,27.22,42.247,2707,75.555,120.37,0.3388,79.717,49.7,2636.1,25.265,49.571,3105.6,22.292,66.283,252.64,339.9,94.681,77.137
0.24303,3614.7,4518.1,9.3619,27.058,42.505,2707.2,75.057,120.4,0.3398,79.814,51.877,2635.5,25.846,47.925,3104.6,22.671,66.392,256.89,339.75,94.779,76.953
0.24249,3648.8,4493.5,9.2617,26.862,42.107,2708.3,75.003,120.41,0.33729,79.92,48.695,2636.5,25.876,49.86,3106,24.472,66.498,257.47,339.79,94.871,77.39
0.29343,3534.3,4535.3,9.2623,26.659,42.092,2712.3,75.91,120.43,0.34507,80.255,48.072,2640.1,26.226,49.333,3108.9,21.565,66.57,259.03,339.48,94.805,77.426
0.29425,3568.1,4525.6,9.3021,26.839,42.158,2712.2,76.311,120.37,0.34389,80.195,51.196,2640.3,24.988,49.204,3110.9,22.839,66.667,257.02,339.38,94.913,77.564
0.28374,3638,4557.8,9.2746,26.582,42.445,2713.1,75.739,120.41,0.3056,80.157,50.918,2641.5,24.488,50.452,3113.2,23.245,66.75,258.21,339.55,94.817,77.106
0.28404,3675.1,4556.9,9.3232,26.825,42.691,2712.1,75.858,120.38,0.30704,80.017,51.07,2640.5,24.825,51.409,3111.6,22.007,66.739,255.8,339.88,94.537,77.16
0.29589,3637.7,4653.6,9.2371,26.846,42.509,2711.2,75.149,120.41,0.3279,79.911,49.265,2639.5,26.422,49.822,3110.3,23.03,66.716,256.21,339.65,94.793,77.11
0.29428,3601.7,4575.8,9.2502,26.728,42.309,2710.1,74.974,120.42,0.32738,79.835,50.075,2638.7,23.698,50.205,3108.6,24.03,66.671,255.01,339.77,94.81,76.783
0.30531,3665.3,4532.5,9.1805,27.066,42.502,2708.7,75.725,120.41,0.32734,79.801,50.475,2637.6,26.59,51.164,3107.5,22.453,66.61,255.95,339.7,94.71,77.17
0.30603,3692.7,4541.1,9.1786,26.984,42.305,2708.5,75.672,120.41,0.33325,80.028,48.971,2636.7,24.563,51.265,3108.9,22.371,66.598,253.98,339.32,94.619,77.351
0.24356,3639.3,4514.3,9.2674,26.726,42.014,2704.9,74.927,120.4,0.3413,80.048,49.856,2633.2,23.739,50.218,3104.6,23.193,66.611,250.18,338.98,94.745,76.951
0.24465,3623.5,4535.2,9.274,26.702,42.337,2701,74.941,120.35,0.33919,79.81,50.248,2629.1,26.674,50.021,3100.3,23.257,66.561,251.04,339.09,94.851,76.778
0.28402,3645.2,4467.8,9.1119,26.775,42.127,2702.6,75.413,120.42,0.33147,79.943,49.287,2629.9,26.147,50.778,3101.1,22.23,66.487,249.46,338.99,94.722,77.061
0.28097,3636.4,4467.3,9.1644,26.505,42.322,2701.6,74.59,120.39,0.32955,80.13,50.143,2630.2,25.666,50.562,3100.4,22.835,66.484,249.43,338.6,94.702,77.211
0.24246,3676.7,4523.1,9.2136,27.202,42.035,2699.6,74.517,120.43,0.32722,80.134,49.203,2628.1,26.208,49.816,3098.7,22.575,66.477,250.1,338.38,94.698,77.287
0.24259,3660.1,4491.5,9.3018,26.874,42.512,2697.4,75.646,120.36,0.32614,80.235,50.396,2625.7,23.671,48.611,3098.1,23.41,66.511,246.96,338.08,94.738,77.29
0.27052,3619.4,4569.5,9.0815,26.654,42.503,2696.8,76.069,120.4,0.31447,80.162,49.272,2624.4,23.94,49.827,3097.2,24.509,66.561,249.55,337.91,94.734,77.119
0.27071,3647.9,4540,9.2728,26.78,42.375,2696.4,76.534,120.39,0.31589,80.198,51.941,2624.5,25.936,50.245,3096.8,22.648,66.535,248.34,337.82,94.802,77.008
0.29417,3636.5,4513.8,9.2158,27.062,42.32,2693.7,75.051,120.39,0.33984,80.027,48.922,2621.4,25.747,50.444,3093.9,22.8,66.445,236.65,337.54,94.902,76.848
0.29645,3581.8,4511,9.2127,26.633,42.602,2693.3,74.907,120.38,0.33756,80.118,50.219,2621.8,24.528,51.524,3095.2,23.68,66.189,229.45,337.61,94.868,77.004
0.32931,3628.1,4472,9.2173,26.782,42.602,2694.5,75.057,120.41,0.3403,80.169,49.763,2622.5,26.255,51.08,3094.6,22.821,65.919,217.88,337.77,94.84,76.883
0.32765,3620.9,4520.6,9.2124,26.669,42.285,2695.2,75.044,120.39,0.33925,80.204,52.105,2623.1,25.025,49.772,3092.9,22.974,65.652,211.68,338.44,94.832,77.394
0.32969,3617.7,4477.9,9.2491,26.74,42.257,2697.5,74.601,120.4,0.33963,80.497,49.736,2624.8,25.093,47.977,3095.4,21.627,65.456,212.44,338.4,94.867,77.363
0.3327,3629.5,4488.1,9.208,26.929,42.29,2693.8,74.918,120.38,0.33927,80.264,48.971,2620.6,25.888,53.025,3094.8,22.658,65.417,218.05,338.17,94.785,76.839
0.26447,3623.6,4457.7,9.3631,26.991,42.127,2691.7,74.729,120.4,0.33837,80.093,49.288,2619.2,25.659,48.756,3091.3,22.768,65.447,229.99,338.64,94.9,76.9
0.26516,3643.9,4415.4,9.2351,27,42.274,2692.9,76.24,120.43,0.33835,80.163,49.463,2620,27.097,50.348,3090.6,22.929,65.579,237.99,338.86,94.711,77.47
0.28128,3653.7,4461.6,9.3516,26.8,42.419,2694,75.228,120.39,0.34959,80.53,50.655,2622.7,25.055,48.374,3093,22.185,65.799,237.59,338.9,94.746,77.63
0.27945,3639.7,4474.4,9.3181,26.382,42.56,2693,74.424,120.45,0.3493,80.491,49.507,2621.7,25.959,50.156,3092.8,23.601,65.969,236.54,339.02,94.682,77.555
0.26618,3705.1,4475.6,9.3623,27.396,42.383,2692.9,74.436,120.38,0.33563,80.508,49.828,2620.1,24.437,49.093,3093.3,22.141,66.088,237.93,338.48,94.623,77.018
0.26371,3665.8,4479.5,9.1964,26.437,42.148,2689.2,75.247,120.41,0.33304,80.199,51.243,2617,23.8,49.481,3090.7,22.618,66.089,238.6,338.5,94.688,77.117
0.25343,3612.6,4425.3,9.3053,26.749,42.269,2687.4,75.9,120.36,0.3664,80.181,50.213,2615.7,25.802,49.592,3086.8,22.955,66.055,239.39,339.29,94.832,77.147
0.25437,3619.2,4479.3,9.2998,27.034,42.191,2688.7,74.527,120.38,0.37001,80.229,49.797,2615.8,25.173,51.113,3087.8,23.151,66.017,235.82,339.48,94.995,77.359
0.25878,3645.7,4469.5,9.3604,26.931,42.188,2691.1,74.737,120.39,0.35276,80.374,51.516,2618.9,24.068,50.588,3090.2,24.172,66.017,233.46,339.06,94.588,77.197
0.25759,3687.2,4471.1,9.3397,26.916,42.489,2692.5,73.964,120.43,0.35429,80.529,49.629,2620.8,25.656,50.963,3091.9,22.592,66.039,233.92,339.36,94.729,77.674
0.26495,3584.7,4440.4,9.2726,26.888,42.691,2695,74.358,120.39,0.31703,80.59,49.26,2623,24.405,49.829,3094.2,22.743,66.103,233.95,339.31,94.475,77.335
0.26566,3593.3,4456.5,9.3732,26.885,42.259,2697.3,74.167,120.42,0.31835,80.658,51.518,2625.6,26.158,48.752,3096,22.86,66.122,232.06,340.13,94.885,77.795
0.29726,3698.3,4503.4,9.413,26.547,42.682,2697.9,74.478,120.42,0.33438,80.414,48.947,2626,25.304,49.117,3097.2,22.25,66.166,234.69,340.21,94.487,77.141
0.29699,3656.7,4513.6,9.2466,26.791,42.677,2696.9,74.523,120.38,0.33671,80.068,48.682,2625,22.65,49.42,3095.9,23.098,66.064,238.29,340.33,94.628,77.203
0.29666,3588.1,4469,9.5679,26.842,42.668,2697.8,74.236,120.42,0.34643,80.058,50.063,2626.5,25.798,50.515,3095.2,23.48,65.994,236.16,341.28,94.613,77.223
0.29356,3562.3,4466.6,9.3646,26.951,42.26,2702.6,74.969,120.4,0.35255,80.186,50.837,2630.6,25.152,49.565,3098.4,22.432,65.999,240.57,341.98,94.852,77.687
0.26967,3670.4,4521.9,9.3362,27.049,42.35,2705.8,74.463,120.42,0.34015,80.348,51.529,2635,24.576,48.75,3102.8,23.774,66.03,239.56,342.16,94.392,77.687
0.26812,3671.5,4521.8,9.4728,27.291,42.216,2707.2,74.614,120.41,0.34079,80.294,49.252,2636.9,25.611,52.273,3104.7,23.84,66.086,241.19,342.63,94.607,77.616
0.26734,3614,4489.6,9.5387,26.774,42.166,2706.5,74.153,120.42,0.36119,80.164,51.02,2635.9,25.217,48.869,3104.2,23.162,66.088,241.86,342.81,94.407,77.497
0.26812,3635.6,4507,9.4266,26.773,42.627,2706.8,74.575,120.4,0.36202,79.962,51.19,2635.8,25.21,51.279,3102.2,23.232,66.083,240.03,343.7,94.624,77.187
0.26827,3655.3,4471.7,9.3623,27.148,42.382,2708.5,74.258,120.37,0.35137,79.928,49.996,2636.8,23.665,50.219,3104.2,22.978,66.028,241.22,344.01,94.553,77.138
0.26578,3663.6,4488.7,9.4675,27.267,42.193,2710.2,73.435,120.42,0.35039,79.938,50.787,2640.2,27.584,50.667,3104.7,23.279,65.969,237.64,343.88,94.517,77.706
0.25279,3686.7,4536,9.484,26.975,42.079,2712.9,74.209,120.4,0.32049,80.048,49.675,2641.5,26.379,49.003,3109.6,23.546,65.949,240.16,344.22,94.441,77.109
0.25329,3638.8,4535.2,9.5399,26.98,42.888,2715.4,74.637,120.41,0.31977,80.073,49.524,2645.2,24.926,50.467,3110,22.577,65.914,238.21,344.79,94.423,77.502
0.23196,3645.1,4469.8,9.3404,27.082,42.403,2718.4,74.772,120.42,0.33931,80.356,48.717,2647.3,25.292,50.336,3111.5,22.96,65.937,235.57,344.61,94.383,77.907
0.23117,3645.3,4440.9,9.3508,27.031,41.961,2717.2,74.348,120.42,0.33864,80.114,51.737,2645.9,24.818,49.656,3110.2,22.532,65.941,235.91,345.02,94.375,77.148
0.22478,3641.8,4493.3,9.5584,27.199,42.615,2712.4,74.474,120.39,0.34987,79.616,51.311,2641.3,24.283,50.909,3106.7,21.88,65.826,234.57,345.44,94.648,76.901
0.22314,3654.3,4530.1,9.3735,26.955,42.618,2712,74.069,120.39,0.35218,79.403,52.061,2641.1,26.163,51.31,3105.2,22.824,65.649,236.94,345.82,94.541,76.931
0.21136,3688.9,4522.9,9.5623,26.953,42.809,2716.9,73.894,120.41,0.35107,79.659,49.839,2645.8,24.611,49.661,3107.7,23.927,65.569,236.17,346.33,94.561,77.5
0.21052,3692.9,4549.5,9.4589,26.713,42.245,2717.7,74.792,120.42,0.35129,79.775,49.242,2647.3,24.806,49.67,3110,24.405,65.589,234.43,345.77,94.379,77.383
0.21423,3671.2,4564.6,9.4544,26.739,42.366,2720,74.268,120.41,0.34306,79.918,50.559,2649.4,26.354,50.793,3111.7,22.904,65.689,238.41,346.03,94.449,77.363
0.213,3678.9,4591.8,9.5908,26.495,42.782,2720.1,74.657,120.39,0.34726,79.845,49.644,2650.3,25.233,50.609,3113.4,22.843,65.702,234.89,345.96,94.441,77.574
0.22291,3645.7,4530.2,9.5716,27.293,42.472,2723.9,74.688,120.39,0.33802,80.031,49.207,2654.4,25.408,49.927,3115.2,23.037,65.733,235.35,346.15,94.449,77.598
0.22388,3644.9,4507.8,9.4661,27.218,42.561,2722.5,75.325,120.41,0.33939,79.806,50.664,2651.8,26.262,50.723,3116.2,22.491,65.741,233.27,345.93,94.493,76.964
0.20746,3612.1,4512.3,9.5278,26.686,42.336,2721,75.444,120.39,0.32629,79.463,50.527,2651,26.041,49.954,3113.2,22.831,65.636,233.72,346.52,94.694,77.092
0.20957,3617,4514.4,9.4834,27.065,42.296,2722.6,74.353,120.39,0.32919,79.452,50.621,2653.8,24.472,51.467,3114.2,22.661,65.539,235.25,346.74,94.615,77.272
